case_id,name,source,expected_handoff,webhook_http,outbound_count,session_id,whatsapp_id,conversation_status,handoff_target,is_active_agent,result,note,reply_preview,prefill_question,question
TC-H70-028-H-C02,[活动权益] 为什么要激活才能拿赠品？【条件式转人工场景：SIM 激活失败】,活动权益,是,200,2,agent_62ced0c733c749f5992942ceb9e1015f,sample5-dde3a7f6e7@s.whatsapp.net,open,,1,FAIL,handoffTarget=None; conversationStatus=open; isActiveAgent=1,人工客服暂时无法接入，我先继续帮你处理。你也可以补充更多信息，我会尽量基于现有资料协助你。,为什么要激活才能拿赠品？,SIM 激活失败了，那赠品是不是就没了？
TC-H70-022-H-C02,[活动规则] 如果只线上填了信息，算预订成功吗？【条件式转人工场景：没收到确认信息】,活动规则,是,200,2,agent_189bfb4ca53d480fbf115c0d43c4219e,sample5-69cdf55cd9@s.whatsapp.net,open,,1,FAIL,handoffTarget=None; conversationStatus=open; isActiveAgent=1,人工客服暂时无法接入，我先继续帮你处理。你也可以补充更多信息，我会尽量基于现有资料协助你。,如果只线上填了信息，算预订成功吗？,我提交完以后一直没收到短信。
TC-H70-026-H-C01,[活动权益] 到店具体是什么礼品【条件式转人工场景：用户问赠品型号】,活动权益,是,200,2,agent_7ba891e8c9b04e009cd45bbf445baaa5,sample5-a46b413397@s.whatsapp.net,open,,1,FAIL,handoffTarget=None; conversationStatus=open; isActiveAgent=1,人工客服暂时无法接入，我先继续帮你处理。你也可以补充更多信息，我会尽量基于现有资料协助你。,到店具体是什么礼品,送的手表具体是什么型号？
TC-H70-010-N,[活动规则] 预订后下一步做什么？【标准问答场景】,活动规则,否,200,1,agent_02dd781ebce64bba8cfcb12fde32158b,sample5-e9ddcd6c00@s.whatsapp.net,open,,1,PASS,isActiveAgent=1,"成功预订后，您将收到：
✅ 通过短信发送的取货确认码
✅ 取货日期前的提醒

取货当天，请携带确认码和有效身份证件前往您选择的门店，领取您的HOT 70 Pro 5G！",,预订后下一步做什么？
TC-H70-035-N,[门店信息] 售后服务中心在哪里？【直接转人工场景】,门店信息,是,200,1,agent_c430abcfbea34633a84d06100c500318,sample5-fc3bfb143e@s.whatsapp.net,open,,1,FAIL,handoffTarget=None; conversationStatus=open; isActiveAgent=1,"Infinix 在各大城市均设有授权服务中心。要查找最近的服务中心，请点击""查找门店""或通过 WhatsApp 发送您的位置，我们将帮助您找到最近的服务网点！[https://hk-paas.transsion.com/cmp-campaign-h5/hot70/view/online](https://hk-paas.transsion.com/cmp-c",,售后服务中心在哪里？
