id,input,expected_intent,expected_action,expected_facts,should_handoff,priority,rule_id,source
INT-FAQ-A001,HOT70 Pro 5G有哪些配置？,产品信息,reply,HOT 70 Pro 5G 主要规格：|显示屏|相机|电池|防护|操作系统|特色|颜色,conditional,P0,FAQ-A001,faq
INT-FAQ-A001-P1,specs,产品信息,reply,HOT 70 Pro 5G 主要规格：|显示屏|相机|电池|防护|操作系统|特色|颜色,conditional,P0,FAQ-A001,faq_paraphrase
INT-FAQ-A001-P2,color,产品信息,reply,HOT 70 Pro 5G 主要规格：|显示屏|相机|电池|防护|操作系统|特色|颜色,conditional,P0,FAQ-A001,faq_paraphrase
INT-FAQ-A001-P3,memory,产品信息,reply,HOT 70 Pro 5G 主要规格：|显示屏|相机|电池|防护|操作系统|特色|颜色,conditional,P0,FAQ-A001,faq_paraphrase
INT-FAQ-A001-P4,battery,产品信息,reply,HOT 70 Pro 5G 主要规格：|显示屏|相机|电池|防护|操作系统|特色|颜色,conditional,P0,FAQ-A001,faq_paraphrase
INT-FAQ-A001-P5,camera,产品信息,reply,HOT 70 Pro 5G 主要规格：|显示屏|相机|电池|防护|操作系统|特色|颜色,conditional,P0,FAQ-A001,faq_paraphrase
INT-FAQ-A001-P6,price,产品信息,reply,HOT 70 Pro 5G 主要规格：|显示屏|相机|电池|防护|操作系统|特色|颜色,conditional,P0,FAQ-A001,faq_paraphrase
INT-FAQ-A001-P7,configuration,产品信息,reply,HOT 70 Pro 5G 主要规格：|显示屏|相机|电池|防护|操作系统|特色|颜色,conditional,P0,FAQ-A001,faq_paraphrase
INT-FAQ-A002,预定HOT 70 Pro的活动怎么参加？,活动规则,reply,如何预购HOT 70 Pro 5G：|1️⃣ 扫描预购二维码或访问活动页面|2️⃣ 填写您的详细信息（姓名、电话号码）|3️⃣ 输入验证码|4️⃣ 选择您偏好的门店和取货时间|5️⃣ 确认您的预订——您将收到取货码！|📅 预购期：7月8日–12日|🎁 预购福利已上线——不要错过！,false,P0,FAQ-A002,faq
INT-FAQ-A002-P1,join campaign,活动规则,reply,如何预购HOT 70 Pro 5G：|1️⃣ 扫描预购二维码或访问活动页面|2️⃣ 填写您的详细信息（姓名、电话号码）|3️⃣ 输入验证码|4️⃣ 选择您偏好的门店和取货时间|5️⃣ 确认您的预订——您将收到取货码！|📅 预购期：7月8日–12日|🎁 预购福利已上线——不要错过！,false,P0,FAQ-A002,faq_paraphrase
INT-FAQ-A002-P2,how to participate,活动规则,reply,如何预购HOT 70 Pro 5G：|1️⃣ 扫描预购二维码或访问活动页面|2️⃣ 填写您的详细信息（姓名、电话号码）|3️⃣ 输入验证码|4️⃣ 选择您偏好的门店和取货时间|5️⃣ 确认您的预订——您将收到取货码！|📅 预购期：7月8日–12日|🎁 预购福利已上线——不要错过！,false,P0,FAQ-A002,faq_paraphrase
INT-FAQ-A002-P3,booking,活动规则,reply,如何预购HOT 70 Pro 5G：|1️⃣ 扫描预购二维码或访问活动页面|2️⃣ 填写您的详细信息（姓名、电话号码）|3️⃣ 输入验证码|4️⃣ 选择您偏好的门店和取货时间|5️⃣ 确认您的预订——您将收到取货码！|📅 预购期：7月8日–12日|🎁 预购福利已上线——不要错过！,false,P0,FAQ-A002,faq_paraphrase
INT-FAQ-A002-P4,payment,活动规则,reply,如何预购HOT 70 Pro 5G：|1️⃣ 扫描预购二维码或访问活动页面|2️⃣ 填写您的详细信息（姓名、电话号码）|3️⃣ 输入验证码|4️⃣ 选择您偏好的门店和取货时间|5️⃣ 确认您的预订——您将收到取货码！|📅 预购期：7月8日–12日|🎁 预购福利已上线——不要错过！,false,P0,FAQ-A002,faq_paraphrase
INT-FAQ-A002-P5,next step,活动规则,reply,如何预购HOT 70 Pro 5G：|1️⃣ 扫描预购二维码或访问活动页面|2️⃣ 填写您的详细信息（姓名、电话号码）|3️⃣ 输入验证码|4️⃣ 选择您偏好的门店和取货时间|5️⃣ 确认您的预订——您将收到取货码！|📅 预购期：7月8日–12日|🎁 预购福利已上线——不要错过！,false,P0,FAQ-A002,faq_paraphrase
INT-FAQ-A002-P6,pre-order,活动规则,reply,如何预购HOT 70 Pro 5G：|1️⃣ 扫描预购二维码或访问活动页面|2️⃣ 填写您的详细信息（姓名、电话号码）|3️⃣ 输入验证码|4️⃣ 选择您偏好的门店和取货时间|5️⃣ 确认您的预订——您将收到取货码！|📅 预购期：7月8日–12日|🎁 预购福利已上线——不要错过！,false,P0,FAQ-A002,faq_paraphrase
INT-FAQ-A003,预订 HOT 70 Pro有什么福利？,活动权益,reply,预购专属福利：|🎁 优先提货 — 抢先拥有HOT 70 Pro |🎁 专属预购礼品（数量有限，赠完即止）|🎁 有机会赢取抽奖奖品|🎁 上市周期间的店内特别促销|前往离您最近的Infinix门店了解完整详情！,conditional,P0,FAQ-A003,faq
INT-FAQ-A003-P1,gift,活动权益,reply,预购专属福利：|🎁 优先提货 — 抢先拥有HOT 70 Pro |🎁 专属预购礼品（数量有限，赠完即止）|🎁 有机会赢取抽奖奖品|🎁 上市周期间的店内特别促销|前往离您最近的Infinix门店了解完整详情！,conditional,P0,FAQ-A003,faq_paraphrase
INT-FAQ-A003-P2,voucher,活动权益,reply,预购专属福利：|🎁 优先提货 — 抢先拥有HOT 70 Pro |🎁 专属预购礼品（数量有限，赠完即止）|🎁 有机会赢取抽奖奖品|🎁 上市周期间的店内特别促销|前往离您最近的Infinix门店了解完整详情！,conditional,P0,FAQ-A003,faq_paraphrase
INT-FAQ-A003-P3,coupon,活动权益,reply,预购专属福利：|🎁 优先提货 — 抢先拥有HOT 70 Pro |🎁 专属预购礼品（数量有限，赠完即止）|🎁 有机会赢取抽奖奖品|🎁 上市周期间的店内特别促销|前往离您最近的Infinix门店了解完整详情！,conditional,P0,FAQ-A003,faq_paraphrase
INT-FAQ-A003-P4,lucky draw,活动权益,reply,预购专属福利：|🎁 优先提货 — 抢先拥有HOT 70 Pro |🎁 专属预购礼品（数量有限，赠完即止）|🎁 有机会赢取抽奖奖品|🎁 上市周期间的店内特别促销|前往离您最近的Infinix门店了解完整详情！,conditional,P0,FAQ-A003,faq_paraphrase
INT-FAQ-A003-P5,benefit,活动权益,reply,预购专属福利：|🎁 优先提货 — 抢先拥有HOT 70 Pro |🎁 专属预购礼品（数量有限，赠完即止）|🎁 有机会赢取抽奖奖品|🎁 上市周期间的店内特别促销|前往离您最近的Infinix门店了解完整详情！,conditional,P0,FAQ-A003,faq_paraphrase
INT-FAQ-A003-P6,discount,活动权益,reply,预购专属福利：|🎁 优先提货 — 抢先拥有HOT 70 Pro |🎁 专属预购礼品（数量有限，赠完即止）|🎁 有机会赢取抽奖奖品|🎁 上市周期间的店内特别促销|前往离您最近的Infinix门店了解完整详情！,conditional,P0,FAQ-A003,faq_paraphrase
INT-FAQ-A003-P7,pre-order bonus,活动权益,reply,预购专属福利：|🎁 优先提货 — 抢先拥有HOT 70 Pro |🎁 专属预购礼品（数量有限，赠完即止）|🎁 有机会赢取抽奖奖品|🎁 上市周期间的店内特别促销|前往离您最近的Infinix门店了解完整详情！,conditional,P0,FAQ-A003,faq_paraphrase
INT-FAQ-A004,什么时候可以提机？,提机相关,reply,取货安排：|预购取货开始时间|取货时间|门店营业时间|请在取货期内前往您所选的门店，并携带确认码和有效,conditional,P0,FAQ-A004,faq
INT-FAQ-A004-P1,pickup,提机相关,reply,取货安排：|预购取货开始时间|取货时间|门店营业时间|请在取货期内前往您所选的门店，并携带确认码和有效,conditional,P0,FAQ-A004,faq_paraphrase
INT-FAQ-A004-P2,collect,提机相关,reply,取货安排：|预购取货开始时间|取货时间|门店营业时间|请在取货期内前往您所选的门店，并携带确认码和有效,conditional,P0,FAQ-A004,faq_paraphrase
INT-FAQ-A004-P3,store,提机相关,reply,取货安排：|预购取货开始时间|取货时间|门店营业时间|请在取货期内前往您所选的门店，并携带确认码和有效,conditional,P0,FAQ-A004,faq_paraphrase
INT-FAQ-A004-P4,proof,提机相关,reply,取货安排：|预购取货开始时间|取货时间|门店营业时间|请在取货期内前往您所选的门店，并携带确认码和有效,conditional,P0,FAQ-A004,faq_paraphrase
INT-FAQ-A004-P5,deadline,提机相关,reply,取货安排：|预购取货开始时间|取货时间|门店营业时间|请在取货期内前往您所选的门店，并携带确认码和有效,conditional,P0,FAQ-A004,faq_paraphrase
INT-FAQ-A004-P6,when can I get my phone,提机相关,reply,取货安排：|预购取货开始时间|取货时间|门店营业时间|请在取货期内前往您所选的门店，并携带确认码和有效,conditional,P0,FAQ-A004,faq_paraphrase
INT-FAQ-A005,哪里可以买/提HOT 70 Pro？,门店相关,reply,HOT 70 Pro 5G已在全国1500多家I|• Infinix品牌店（IBO）|• Infinix合作伙伴店（IBP）|• 授权KDM合作伙伴|点击“查找门店”，定位离您最近的Infinix门,conditional,P0,FAQ-A005,faq
INT-FAQ-A005-P1,city,门店相关,reply,HOT 70 Pro 5G已在全国1500多家I|• Infinix品牌店（IBO）|• Infinix合作伙伴店（IBP）|• 授权KDM合作伙伴|点击“查找门店”，定位离您最近的Infinix门,conditional,P0,FAQ-A005,faq_paraphrase
INT-FAQ-A005-P2,store,门店相关,reply,HOT 70 Pro 5G已在全国1500多家I|• Infinix品牌店（IBO）|• Infinix合作伙伴店（IBP）|• 授权KDM合作伙伴|点击“查找门店”，定位离您最近的Infinix门,conditional,P0,FAQ-A005,faq_paraphrase
INT-FAQ-A005-P3,address,门店相关,reply,HOT 70 Pro 5G已在全国1500多家I|• Infinix品牌店（IBO）|• Infinix合作伙伴店（IBP）|• 授权KDM合作伙伴|点击“查找门店”，定位离您最近的Infinix门,conditional,P0,FAQ-A005,faq_paraphrase
INT-FAQ-A005-P4,opening hours,门店相关,reply,HOT 70 Pro 5G已在全国1500多家I|• Infinix品牌店（IBO）|• Infinix合作伙伴店（IBP）|• 授权KDM合作伙伴|点击“查找门店”，定位离您最近的Infinix门,conditional,P0,FAQ-A005,faq_paraphrase
INT-FAQ-A005-P5,contact,门店相关,reply,HOT 70 Pro 5G已在全国1500多家I|• Infinix品牌店（IBO）|• Infinix合作伙伴店（IBP）|• 授权KDM合作伙伴|点击“查找门店”，定位离您最近的Infinix门,conditional,P0,FAQ-A005,faq_paraphrase
INT-FAQ-A005-P6,pickup store,门店相关,reply,HOT 70 Pro 5G已在全国1500多家I|• Infinix品牌店（IBO）|• Infinix合作伙伴店（IBP）|• 授权KDM合作伙伴|点击“查找门店”，定位离您最近的Infinix门,conditional,P0,FAQ-A005,faq_paraphrase
INT-FAQ-A005-P7,where to buy,门店相关,reply,HOT 70 Pro 5G已在全国1500多家I|• Infinix品牌店（IBO）|• Infinix合作伙伴店（IBP）|• 授权KDM合作伙伴|点击“查找门店”，定位离您最近的Infinix门,conditional,P0,FAQ-A005,faq_paraphrase
INT-FAQ-A006,这个 WhatsApp 号是正规的吗？,官方身份,reply,✅ 通过我们渠道销售的所有产品均100%为正品|✅ 享有完整的制造商保修|✅ 可在任何传音Infinix服务中心获得售后支|您可以在我们的网站和社交媒体页面上验证官方渠道。,false,P0,FAQ-A006,faq
INT-FAQ-A006-P1,official,官方身份,reply,✅ 通过我们渠道销售的所有产品均100%为正品|✅ 享有完整的制造商保修|✅ 可在任何传音Infinix服务中心获得售后支|您可以在我们的网站和社交媒体页面上验证官方渠道。,false,P0,FAQ-A006,faq_paraphrase
INT-FAQ-A006-P2,real,官方身份,reply,✅ 通过我们渠道销售的所有产品均100%为正品|✅ 享有完整的制造商保修|✅ 可在任何传音Infinix服务中心获得售后支|您可以在我们的网站和社交媒体页面上验证官方渠道。,false,P0,FAQ-A006,faq_paraphrase
INT-FAQ-A006-P3,authentic,官方身份,reply,✅ 通过我们渠道销售的所有产品均100%为正品|✅ 享有完整的制造商保修|✅ 可在任何传音Infinix服务中心获得售后支|您可以在我们的网站和社交媒体页面上验证官方渠道。,false,P0,FAQ-A006,faq_paraphrase
INT-FAQ-A006-P4,genuine,官方身份,reply,✅ 通过我们渠道销售的所有产品均100%为正品|✅ 享有完整的制造商保修|✅ 可在任何传音Infinix服务中心获得售后支|您可以在我们的网站和社交媒体页面上验证官方渠道。,false,P0,FAQ-A006,faq_paraphrase
INT-FAQ-A006-P5,official channel,官方身份,reply,✅ 通过我们渠道销售的所有产品均100%为正品|✅ 享有完整的制造商保修|✅ 可在任何传音Infinix服务中心获得售后支|您可以在我们的网站和社交媒体页面上验证官方渠道。,false,P0,FAQ-A006,faq_paraphrase
INT-FAQ-A006-P6,is this legit,官方身份,reply,✅ 通过我们渠道销售的所有产品均100%为正品|✅ 享有完整的制造商保修|✅ 可在任何传音Infinix服务中心获得售后支|您可以在我们的网站和社交媒体页面上验证官方渠道。,false,P0,FAQ-A006,faq_paraphrase
INT-FAQ-A007,预订失败了怎么办？,人工兜底,handoff,,true,P0,FAQ-A007,faq
INT-FAQ-A007-P1,failed booking,人工兜底,handoff,,true,P0,FAQ-A007,faq_paraphrase
INT-FAQ-A007-P2,error,人工兜底,handoff,,true,P0,FAQ-A007,faq_paraphrase
INT-FAQ-A007-P3,can't book,人工兜底,handoff,,true,P0,FAQ-A007,faq_paraphrase
INT-FAQ-A007-P4,not working,人工兜底,handoff,,true,P0,FAQ-A007,faq_paraphrase
INT-FAQ-A007-P5,system error,人工兜底,handoff,,true,P0,FAQ-A007,faq_paraphrase
INT-FAQ-A008,HOT70 Pro 5G有哪些颜色？,产品信息,reply,HOT 70 Pro 5G 拥有 4 款令人惊艳的变色版本，,false,P0,FAQ-A008,faq
INT-FAQ-A008-P1,what colors,产品信息,reply,HOT 70 Pro 5G 拥有 4 款令人惊艳的变色版本，,false,P0,FAQ-A008,faq_paraphrase
INT-FAQ-A008-P2,color options,产品信息,reply,HOT 70 Pro 5G 拥有 4 款令人惊艳的变色版本，,false,P0,FAQ-A008,faq_paraphrase
INT-FAQ-A008-P3,design,产品信息,reply,HOT 70 Pro 5G 拥有 4 款令人惊艳的变色版本，,false,P0,FAQ-A008,faq_paraphrase
INT-FAQ-A008-P4,variants,产品信息,reply,HOT 70 Pro 5G 拥有 4 款令人惊艳的变色版本，,false,P0,FAQ-A008,faq_paraphrase
INT-FAQ-A008-P5,finish,产品信息,reply,HOT 70 Pro 5G 拥有 4 款令人惊艳的变色版本，,false,P0,FAQ-A008,faq_paraphrase
INT-FAQ-A009,HOT70 Pro 支持 5G 吗？,产品信息,reply,是的！HOT 70 Pro 5G 支持 5G 连接，可实现超,false,P0,FAQ-A009,faq
INT-FAQ-A009-P1,5G,产品信息,reply,是的！HOT 70 Pro 5G 支持 5G 连接，可实现超,false,P0,FAQ-A009,faq_paraphrase
INT-FAQ-A009-P2,network,产品信息,reply,是的！HOT 70 Pro 5G 支持 5G 连接，可实现超,false,P0,FAQ-A009,faq_paraphrase
INT-FAQ-A009-P3,connectivity,产品信息,reply,是的！HOT 70 Pro 5G 支持 5G 连接，可实现超,false,P0,FAQ-A009,faq_paraphrase
INT-FAQ-A009-P4,does it have 5G,产品信息,reply,是的！HOT 70 Pro 5G 支持 5G 连接，可实现超,false,P0,FAQ-A009,faq_paraphrase
INT-FAQ-A010,HOT70 Pro 5G防水吗？,产品信息,reply,是的！HOT 70 Pro 5G 拥有 IP68/IP69 ,false,P0,FAQ-A010,faq
INT-FAQ-A010-P1,waterproof,产品信息,reply,是的！HOT 70 Pro 5G 拥有 IP68/IP69 ,false,P0,FAQ-A010,faq_paraphrase
INT-FAQ-A010-P2,IP68,产品信息,reply,是的！HOT 70 Pro 5G 拥有 IP68/IP69 ,false,P0,FAQ-A010,faq_paraphrase
INT-FAQ-A010-P3,IP69,产品信息,reply,是的！HOT 70 Pro 5G 拥有 IP68/IP69 ,false,P0,FAQ-A010,faq_paraphrase
INT-FAQ-A010-P4,water resistant,产品信息,reply,是的！HOT 70 Pro 5G 拥有 IP68/IP69 ,false,P0,FAQ-A010,faq_paraphrase
INT-FAQ-A010-P5,can it get wet,产品信息,reply,是的！HOT 70 Pro 5G 拥有 IP68/IP69 ,false,P0,FAQ-A010,faq_paraphrase
INT-FAQ-A011,预订后下一步做什么？,活动规则,reply,成功预订后，您将收到：|✅ 通过短信发送的取货确认码|✅ 取货日期前的提醒|取货当天，请携带确认码和有效身份证件前往您选择的,false,P0,FAQ-A011,faq
INT-FAQ-A011-P1,after booking,活动规则,reply,成功预订后，您将收到：|✅ 通过短信发送的取货确认码|✅ 取货日期前的提醒|取货当天，请携带确认码和有效身份证件前往您选择的,false,P0,FAQ-A011,faq_paraphrase
INT-FAQ-A011-P2,what next,活动规则,reply,成功预订后，您将收到：|✅ 通过短信发送的取货确认码|✅ 取货日期前的提醒|取货当天，请携带确认码和有效身份证件前往您选择的,false,P0,FAQ-A011,faq_paraphrase
INT-FAQ-A011-P3,confirmation,活动规则,reply,成功预订后，您将收到：|✅ 通过短信发送的取货确认码|✅ 取货日期前的提醒|取货当天，请携带确认码和有效身份证件前往您选择的,false,P0,FAQ-A011,faq_paraphrase
INT-FAQ-A011-P4,next step,活动规则,reply,成功预订后，您将收到：|✅ 通过短信发送的取货确认码|✅ 取货日期前的提醒|取货当天，请携带确认码和有效身份证件前往您选择的,false,P0,FAQ-A011,faq_paraphrase
INT-FAQ-A012,支持分期付款吗？,活动权益,reply,是的！HOT 70 Pro 5G支持分期付款计划，可选0首付,conditional,P0,FAQ-A012,faq
INT-FAQ-A012-P1,installment,活动权益,reply,是的！HOT 70 Pro 5G支持分期付款计划，可选0首付,conditional,P0,FAQ-A012,faq_paraphrase
INT-FAQ-A012-P2,EMI,活动权益,reply,是的！HOT 70 Pro 5G支持分期付款计划，可选0首付,conditional,P0,FAQ-A012,faq_paraphrase
INT-FAQ-A012-P3,pay monthly,活动权益,reply,是的！HOT 70 Pro 5G支持分期付款计划，可选0首付,conditional,P0,FAQ-A012,faq_paraphrase
INT-FAQ-A012-P4,can I pay in installments,活动权益,reply,是的！HOT 70 Pro 5G支持分期付款计划，可选0首付,conditional,P0,FAQ-A012,faq_paraphrase
INT-FAQ-A013,到店有什么礼品？,活动权益,reply,在发布期间（7月13日至19日）访问任何参与活动的Infin,conditional,P0,FAQ-A013,faq
INT-FAQ-A013-P1,store gift,活动权益,reply,在发布期间（7月13日至19日）访问任何参与活动的Infin,conditional,P0,FAQ-A013,faq_paraphrase
INT-FAQ-A013-P2,walk-in gift,活动权益,reply,在发布期间（7月13日至19日）访问任何参与活动的Infin,conditional,P0,FAQ-A013,faq_paraphrase
INT-FAQ-A013-P3,free gift,活动权益,reply,在发布期间（7月13日至19日）访问任何参与活动的Infin,conditional,P0,FAQ-A013,faq_paraphrase
INT-FAQ-A013-P4,in-store promotion,活动权益,reply,在发布期间（7月13日至19日）访问任何参与活动的Infin,conditional,P0,FAQ-A013,faq_paraphrase
INT-FAQ-A014,提机需要带什么？,提机相关,reply,领取您的HOT 70 Pro 5G时，请携带：|1️⃣ 取货确认码（通过短信发送）|2️⃣ 有效的政府签发身份证件|请确保您预订时使用的姓名与身份证件上的姓名一致。,false,P0,FAQ-A014,faq
INT-FAQ-A014-P1,what to bring,提机相关,reply,领取您的HOT 70 Pro 5G时，请携带：|1️⃣ 取货确认码（通过短信发送）|2️⃣ 有效的政府签发身份证件|请确保您预订时使用的姓名与身份证件上的姓名一致。,false,P0,FAQ-A014,faq_paraphrase
INT-FAQ-A014-P2,pickup requirements,提机相关,reply,领取您的HOT 70 Pro 5G时，请携带：|1️⃣ 取货确认码（通过短信发送）|2️⃣ 有效的政府签发身份证件|请确保您预订时使用的姓名与身份证件上的姓名一致。,false,P0,FAQ-A014,faq_paraphrase
INT-FAQ-A014-P3,ID,提机相关,reply,领取您的HOT 70 Pro 5G时，请携带：|1️⃣ 取货确认码（通过短信发送）|2️⃣ 有效的政府签发身份证件|请确保您预订时使用的姓名与身份证件上的姓名一致。,false,P0,FAQ-A014,faq_paraphrase
INT-FAQ-A014-P4,documents needed,提机相关,reply,领取您的HOT 70 Pro 5G时，请携带：|1️⃣ 取货确认码（通过短信发送）|2️⃣ 有效的政府签发身份证件|请确保您预订时使用的姓名与身份证件上的姓名一致。,false,P0,FAQ-A014,faq_paraphrase
INT-FAQ-A015,可以换门店提机吗？,提机相关,handoff,,true,P0,FAQ-A015,faq
INT-FAQ-A015-P1,change store,提机相关,handoff,,true,P0,FAQ-A015,faq_paraphrase
INT-FAQ-A015-P2,different store,提机相关,handoff,,true,P0,FAQ-A015,faq_paraphrase
INT-FAQ-A015-P3,transfer,提机相关,handoff,,true,P0,FAQ-A015,faq_paraphrase
INT-FAQ-A015-P4,switch pickup location,提机相关,handoff,,true,P0,FAQ-A015,faq_paraphrase
INT-FAQ-A016,我所在的城市有门店吗？,门店相关,handoff,,true,P0,FAQ-A016,faq
INT-FAQ-A016-P1,my city,门店相关,handoff,,true,P0,FAQ-A016,faq_paraphrase
INT-FAQ-A016-P2,available cities,门店相关,handoff,,true,P0,FAQ-A016,faq_paraphrase
INT-FAQ-A016-P3,coverage,门店相关,handoff,,true,P0,FAQ-A016,faq_paraphrase
INT-FAQ-A016-P4,is there a store near me,门店相关,handoff,,true,P0,FAQ-A016,faq_paraphrase
INT-FAQ-A017,HOT 70 Pro是正品吗？有保修吗？,官方身份,reply,当然！HOT 70 Pro 5G 是 100% |✅ 完整的制造商保修|✅ 传音服务中心的官方售后服务|✅ 3 年操作系统更新 + 5 年安全更新,false,P0,FAQ-A017,faq
INT-FAQ-A017-P1,warranty,官方身份,reply,当然！HOT 70 Pro 5G 是 100% |✅ 完整的制造商保修|✅ 传音服务中心的官方售后服务|✅ 3 年操作系统更新 + 5 年安全更新,false,P0,FAQ-A017,faq_paraphrase
INT-FAQ-A017-P2,genuine,官方身份,reply,当然！HOT 70 Pro 5G 是 100% |✅ 完整的制造商保修|✅ 传音服务中心的官方售后服务|✅ 3 年操作系统更新 + 5 年安全更新,false,P0,FAQ-A017,faq_paraphrase
INT-FAQ-A017-P3,original,官方身份,reply,当然！HOT 70 Pro 5G 是 100% |✅ 完整的制造商保修|✅ 传音服务中心的官方售后服务|✅ 3 年操作系统更新 + 5 年安全更新,false,P0,FAQ-A017,faq_paraphrase
INT-FAQ-A017-P4,authentic,官方身份,reply,当然！HOT 70 Pro 5G 是 100% |✅ 完整的制造商保修|✅ 传音服务中心的官方售后服务|✅ 3 年操作系统更新 + 5 年安全更新,false,P0,FAQ-A017,faq_paraphrase
INT-FAQ-A017-P5,is it real,官方身份,reply,当然！HOT 70 Pro 5G 是 100% |✅ 完整的制造商保修|✅ 传音服务中心的官方售后服务|✅ 3 年操作系统更新 + 5 年安全更新,false,P0,FAQ-A017,faq_paraphrase
INT-FAQ-A018,我想取消预订,人工兜底,handoff,,true,P0,FAQ-A018,faq
INT-FAQ-A018-P1,cancel,人工兜底,handoff,,true,P0,FAQ-A018,faq_paraphrase
INT-FAQ-A018-P2,remove,人工兜底,handoff,,true,P0,FAQ-A018,faq_paraphrase
INT-FAQ-A018-P3,delete booking,人工兜底,handoff,,true,P0,FAQ-A018,faq_paraphrase
INT-FAQ-A018-P4,I don't want it anymore,人工兜底,handoff,,true,P0,FAQ-A018,faq_paraphrase
INT-FAQ-A019,我要投诉/反馈问题,人工兜底,handoff,,true,P0,FAQ-A019,faq
INT-FAQ-A019-P1,complaint,人工兜底,handoff,,true,P0,FAQ-A019,faq_paraphrase
INT-FAQ-A019-P2,issue,人工兜底,handoff,,true,P0,FAQ-A019,faq_paraphrase
INT-FAQ-A019-P3,problem,人工兜底,handoff,,true,P0,FAQ-A019,faq_paraphrase
INT-FAQ-A019-P4,not satisfied,人工兜底,handoff,,true,P0,FAQ-A019,faq_paraphrase
INT-FAQ-A019-P5,escalate,人工兜底,handoff,,true,P0,FAQ-A019,faq_paraphrase
INT-FAQ-A020,到店后无法提机,人工兜底,handoff,,true,P0,FAQ-A020,faq
INT-FAQ-A020-P1,can't pickup,人工兜底,handoff,,true,P0,FAQ-A020,faq_paraphrase
INT-FAQ-A020-P2,store refused,人工兜底,handoff,,true,P0,FAQ-A020,faq_paraphrase
INT-FAQ-A020-P3,no stock at store,人工兜底,handoff,,true,P0,FAQ-A020,faq_paraphrase
INT-FAQ-A020-P4,pickup failed,人工兜底,handoff,,true,P0,FAQ-A020,faq_paraphrase
INT-FAQ-A021,HOT70 Pro 5G多少钱？,产品信息,reply,"HOT 70 Pro 5G 128GB+8GB |如果已支付 BDT 5,000 订金，提机时需支",conditional,P0,FAQ-A021,faq
INT-FAQ-A021-P1,price,产品信息,reply,"HOT 70 Pro 5G 128GB+8GB |如果已支付 BDT 5,000 订金，提机时需支",conditional,P0,FAQ-A021,faq_paraphrase
INT-FAQ-A021-P2,how much,产品信息,reply,"HOT 70 Pro 5G 128GB+8GB |如果已支付 BDT 5,000 订金，提机时需支",conditional,P0,FAQ-A021,faq_paraphrase
INT-FAQ-A021-P3,total price,产品信息,reply,"HOT 70 Pro 5G 128GB+8GB |如果已支付 BDT 5,000 订金，提机时需支",conditional,P0,FAQ-A021,faq_paraphrase
INT-FAQ-A021-P4,campaign price,产品信息,reply,"HOT 70 Pro 5G 128GB+8GB |如果已支付 BDT 5,000 订金，提机时需支",conditional,P0,FAQ-A021,faq_paraphrase
INT-FAQ-A021-P5,phone price,产品信息,reply,"HOT 70 Pro 5G 128GB+8GB |如果已支付 BDT 5,000 订金，提机时需支",conditional,P0,FAQ-A021,faq_paraphrase
INT-FAQ-A022,订金在哪里付,活动规则,reply,"BDT 5,000 订金需要在线下所选 Infi|前往门店时，请携带您的预订信息或确认码。",conditional,P0,FAQ-A022,faq
INT-FAQ-A022-P1,where to pay deposit,活动规则,reply,"BDT 5,000 订金需要在线下所选 Infi|前往门店时，请携带您的预订信息或确认码。",conditional,P0,FAQ-A022,faq_paraphrase
INT-FAQ-A022-P2,deposit payment,活动规则,reply,"BDT 5,000 订金需要在线下所选 Infi|前往门店时，请携带您的预订信息或确认码。",conditional,P0,FAQ-A022,faq_paraphrase
INT-FAQ-A022-P3,pay at store,活动规则,reply,"BDT 5,000 订金需要在线下所选 Infi|前往门店时，请携带您的预订信息或确认码。",conditional,P0,FAQ-A022,faq_paraphrase
INT-FAQ-A022-P4,offline deposit,活动规则,reply,"BDT 5,000 订金需要在线下所选 Infi|前往门店时，请携带您的预订信息或确认码。",conditional,P0,FAQ-A022,faq_paraphrase
INT-FAQ-A023,提机时还要付多少钱？,提机相关,reply,最终付款金额请以所选门店确认为准。,conditional,P0,FAQ-A023,faq
INT-FAQ-A023-P1,remaining balance,提机相关,reply,最终付款金额请以所选门店确认为准。,conditional,P0,FAQ-A023,faq_paraphrase
INT-FAQ-A023-P2,how much to pay at pickup,提机相关,reply,最终付款金额请以所选门店确认为准。,conditional,P0,FAQ-A023,faq_paraphrase
INT-FAQ-A023-P3,balance payment,提机相关,reply,最终付款金额请以所选门店确认为准。,conditional,P0,FAQ-A023,faq_paraphrase
INT-FAQ-A023-P4,pay when collect,提机相关,reply,最终付款金额请以所选门店确认为准。,conditional,P0,FAQ-A023,faq_paraphrase
INT-FAQ-A024,如果只线上填了信息，算预订成功吗？,活动规则,reply,在线提交信息只是完成预订意向登记，,conditional,P0,FAQ-A024,faq
INT-FAQ-A024-P1,is online submission enough,活动规则,reply,在线提交信息只是完成预订意向登记，,conditional,P0,FAQ-A024,faq_paraphrase
INT-FAQ-A024-P2,booking confirmed,活动规则,reply,在线提交信息只是完成预订意向登记，,conditional,P0,FAQ-A024,faq_paraphrase
INT-FAQ-A024-P3,pre-booking successful,活动规则,reply,在线提交信息只是完成预订意向登记，,conditional,P0,FAQ-A024,faq_paraphrase
INT-FAQ-A024-P4,only submitted form,活动规则,reply,在线提交信息只是完成预订意向登记，,conditional,P0,FAQ-A024,faq_paraphrase
INT-FAQ-A025,线上预订后，多久内要去门店付订金？,活动规则,reply,如果未在预订期内完成线下订金确认，您的预订名额可,conditional,P0,FAQ-A025,faq
INT-FAQ-A025-P1,when to pay deposit,活动规则,reply,如果未在预订期内完成线下订金确认，您的预订名额可,conditional,P0,FAQ-A025,faq_paraphrase
INT-FAQ-A025-P2,how long after online booking,活动规则,reply,如果未在预订期内完成线下订金确认，您的预订名额可,conditional,P0,FAQ-A025,faq_paraphrase
INT-FAQ-A025-P3,deposit deadline,活动规则,reply,如果未在预订期内完成线下订金确认，您的预订名额可,conditional,P0,FAQ-A025,faq_paraphrase
INT-FAQ-A025-P4,store confirmation deadline,活动规则,reply,如果未在预订期内完成线下订金确认，您的预订名额可,conditional,P0,FAQ-A025,faq_paraphrase
INT-FAQ-A026,订金线上能不能付？,活动规则,reply,"不能。线上预订是免费的，不需要在线支付。|BDT 5,000 订金需要在您选择的 Infi",conditional,P0,FAQ-A026,faq
INT-FAQ-A026-P1,can I pay deposit online,活动规则,reply,"不能。线上预订是免费的，不需要在线支付。|BDT 5,000 订金需要在您选择的 Infi",conditional,P0,FAQ-A026,faq_paraphrase
INT-FAQ-A026-P2,online payment,活动规则,reply,"不能。线上预订是免费的，不需要在线支付。|BDT 5,000 订金需要在您选择的 Infi",conditional,P0,FAQ-A026,faq_paraphrase
INT-FAQ-A026-P3,pay by mobile money,活动规则,reply,"不能。线上预订是免费的，不需要在线支付。|BDT 5,000 订金需要在您选择的 Infi",conditional,P0,FAQ-A026,faq_paraphrase
INT-FAQ-A026-P4,pay deposit on website,活动规则,reply,"不能。线上预订是免费的，不需要在线支付。|BDT 5,000 订金需要在您选择的 Infi",conditional,P0,FAQ-A026,faq_paraphrase
INT-FAQ-A027,可以预订几台？,活动规则,reply,根据活动规则，每个订单通常限预订 1 台。,conditional,P0,FAQ-A027,faq
INT-FAQ-A027-P1,how many units,活动规则,reply,根据活动规则，每个订单通常限预订 1 台。,conditional,P0,FAQ-A027,faq_paraphrase
INT-FAQ-A027-P2,order limit,活动规则,reply,根据活动规则，每个订单通常限预订 1 台。,conditional,P0,FAQ-A027,faq_paraphrase
INT-FAQ-A027-P3,can I book more than one,活动规则,reply,根据活动规则，每个订单通常限预订 1 台。,conditional,P0,FAQ-A027,faq_paraphrase
INT-FAQ-A027-P4,quantity limit,活动规则,reply,根据活动规则，每个订单通常限预订 1 台。,conditional,P0,FAQ-A027,faq_paraphrase
INT-FAQ-A027-P5,bulk order,活动规则,reply,根据活动规则，每个订单通常限预订 1 台。,conditional,P0,FAQ-A027,faq_paraphrase
INT-FAQ-A028,选了某个颜色，门店能保证有吗？,产品信息,reply,颜色是否可选取决于您所选门店的实际库存。|您在线上选择的颜色会作为偏好记录，但最终是否可提,conditional,P0,FAQ-A028,faq
INT-FAQ-A028-P1,can I get selected color,产品信息,reply,颜色是否可选取决于您所选门店的实际库存。|您在线上选择的颜色会作为偏好记录，但最终是否可提,conditional,P0,FAQ-A028,faq_paraphrase
INT-FAQ-A028-P2,color guaranteed,产品信息,reply,颜色是否可选取决于您所选门店的实际库存。|您在线上选择的颜色会作为偏好记录，但最终是否可提,conditional,P0,FAQ-A028,faq_paraphrase
INT-FAQ-A028-P3,stock for color,产品信息,reply,颜色是否可选取决于您所选门店的实际库存。|您在线上选择的颜色会作为偏好记录，但最终是否可提,conditional,P0,FAQ-A028,faq_paraphrase
INT-FAQ-A028-P4,chosen color available,产品信息,reply,颜色是否可选取决于您所选门店的实际库存。|您在线上选择的颜色会作为偏好记录，但最终是否可提,conditional,P0,FAQ-A028,faq_paraphrase
INT-FAQ-A029,到店具体是什么礼品,活动权益,reply,本次预订活动赠品为 Smart Watch，具体|赠品图片仅供参考，实际颜色、型号或设计可能会有所,conditional,P0,FAQ-A029,faq
INT-FAQ-A029-P1,exact gift,活动权益,reply,本次预订活动赠品为 Smart Watch，具体|赠品图片仅供参考，实际颜色、型号或设计可能会有所,conditional,P0,FAQ-A029,faq_paraphrase
INT-FAQ-A029-P2,what free gift,活动权益,reply,本次预订活动赠品为 Smart Watch，具体|赠品图片仅供参考，实际颜色、型号或设计可能会有所,conditional,P0,FAQ-A029,faq_paraphrase
INT-FAQ-A029-P3,Smart Watch model,活动权益,reply,本次预订活动赠品为 Smart Watch，具体|赠品图片仅供参考，实际颜色、型号或设计可能会有所,conditional,P0,FAQ-A029,faq_paraphrase
INT-FAQ-A029-P4,gift color,活动权益,reply,本次预订活动赠品为 Smart Watch，具体|赠品图片仅供参考，实际颜色、型号或设计可能会有所,conditional,P0,FAQ-A029,faq_paraphrase
INT-FAQ-A029-P5,gift design,活动权益,reply,本次预订活动赠品为 Smart Watch，具体|赠品图片仅供参考，实际颜色、型号或设计可能会有所,conditional,P0,FAQ-A029,faq_paraphrase
INT-FAQ-A030,Smart Watch 怎么领取？,活动权益,reply,Smart Watch 赠品将在您完成购机，并在|赠品是否可领取以库存和活动规则为准。,conditional,P0,FAQ-A030,faq
INT-FAQ-A030-P1,how to claim Smart Watch,活动权益,reply,Smart Watch 赠品将在您完成购机，并在|赠品是否可领取以库存和活动规则为准。,conditional,P0,FAQ-A030,faq_paraphrase
INT-FAQ-A030-P2,gift claim,活动权益,reply,Smart Watch 赠品将在您完成购机，并在|赠品是否可领取以库存和活动规则为准。,conditional,P0,FAQ-A030,faq_paraphrase
INT-FAQ-A030-P3,receive gift,活动权益,reply,Smart Watch 赠品将在您完成购机，并在|赠品是否可领取以库存和活动规则为准。,conditional,P0,FAQ-A030,faq_paraphrase
INT-FAQ-A030-P4,when get Smart Watch,活动权益,reply,Smart Watch 赠品将在您完成购机，并在|赠品是否可领取以库存和活动规则为准。,conditional,P0,FAQ-A030,faq_paraphrase
INT-FAQ-A031,为什么要激活才能拿赠品？,活动权益,reply,需要激活，是为了确认该设备已由终端用户购买并实际|赠品仅会在购买的设备成功完成 激活后发放。,conditional,P0,FAQ-A031,faq
INT-FAQ-A031-P1,why activation,活动权益,reply,需要激活，是为了确认该设备已由终端用户购买并实际|赠品仅会在购买的设备成功完成 激活后发放。,conditional,P0,FAQ-A031,faq_paraphrase
INT-FAQ-A031-P2,gift eligibility,活动权益,reply,需要激活，是为了确认该设备已由终端用户购买并实际|赠品仅会在购买的设备成功完成 激活后发放。,conditional,P0,FAQ-A031,faq_paraphrase
INT-FAQ-A031-P3,activation required,活动权益,reply,需要激活，是为了确认该设备已由终端用户购买并实际|赠品仅会在购买的设备成功完成 激活后发放。,conditional,P0,FAQ-A031,faq_paraphrase
INT-FAQ-A032,IBP / IBO 门店是什么意思？,门店相关,reply,IBP/IBO 门店指参与本次活动的 Infin|您的订金确认、提机、库存确认和赠品领取，将由您选,false,P0,FAQ-A032,faq
INT-FAQ-A032-P1,what is IBP,门店相关,reply,IBP/IBO 门店指参与本次活动的 Infin|您的订金确认、提机、库存确认和赠品领取，将由您选,false,P0,FAQ-A032,faq_paraphrase
INT-FAQ-A032-P2,what is IBO,门店相关,reply,IBP/IBO 门店指参与本次活动的 Infin|您的订金确认、提机、库存确认和赠品领取，将由您选,false,P0,FAQ-A032,faq_paraphrase
INT-FAQ-A032-P3,authorized store,门店相关,reply,IBP/IBO 门店指参与本次活动的 Infin|您的订金确认、提机、库存确认和赠品领取，将由您选,false,P0,FAQ-A032,faq_paraphrase
INT-FAQ-A032-P4,participating store,门店相关,reply,IBP/IBO 门店指参与本次活动的 Infin|您的订金确认、提机、库存确认和赠品领取，将由您选,false,P0,FAQ-A032,faq_paraphrase
INT-FAQ-A033,线上抽奖/免单这是什么活动？,活动权益,reply,Infinix HOT70 Pro免单大奖活动：活动期内购买,conditional,P0,FAQ-A033,faq
INT-FAQ-A033-P1,online lucky draw,活动权益,reply,Infinix HOT70 Pro免单大奖活动：活动期内购买,conditional,P0,FAQ-A033,faq_paraphrase
INT-FAQ-A033-P2,free-order campaign,活动权益,reply,Infinix HOT70 Pro免单大奖活动：活动期内购买,conditional,P0,FAQ-A033,faq_paraphrase
INT-FAQ-A033-P3,reimbursement prize,活动权益,reply,Infinix HOT70 Pro免单大奖活动：活动期内购买,conditional,P0,FAQ-A033,faq_paraphrase
INT-FAQ-A033-P4,HOT 70 Pro draw,活动权益,reply,Infinix HOT70 Pro免单大奖活动：活动期内购买,conditional,P0,FAQ-A033,faq_paraphrase
INT-FAQ-A033-P5,campaign rules,活动权益,reply,Infinix HOT70 Pro免单大奖活动：活动期内购买,conditional,P0,FAQ-A033,faq_paraphrase
INT-FAQ-A034,线上免单活动时间是什么时候？,活动权益,reply,活动期为 2026 年 7 月 8 日 0 点至 7 月 1,conditional,P0,FAQ-A034,faq
INT-FAQ-A034-P1,campaign period,活动权益,reply,活动期为 2026 年 7 月 8 日 0 点至 7 月 1,conditional,P0,FAQ-A034,faq_paraphrase
INT-FAQ-A034-P2,activity dates,活动权益,reply,活动期为 2026 年 7 月 8 日 0 点至 7 月 1,conditional,P0,FAQ-A034,faq_paraphrase
INT-FAQ-A034-P3,draw date,活动权益,reply,活动期为 2026 年 7 月 8 日 0 点至 7 月 1,conditional,P0,FAQ-A034,faq_paraphrase
INT-FAQ-A034-P4,July 8 to July 19,活动权益,reply,活动期为 2026 年 7 月 8 日 0 点至 7 月 1,conditional,P0,FAQ-A034,faq_paraphrase
INT-FAQ-A034-P5,July 20 winner announcement,活动权益,reply,活动期为 2026 年 7 月 8 日 0 点至 7 月 1,conditional,P0,FAQ-A034,faq_paraphrase
INT-FAQ-A035,免单是什么意思？是免费送手机吗？,活动权益,reply,免单指退还你购买 HOT70 Pro的实付购机款,conditional,P0,FAQ-A035,faq
INT-FAQ-A035-P1,free order meaning,活动权益,reply,免单指退还你购买 HOT70 Pro的实付购机款,conditional,P0,FAQ-A035,faq_paraphrase
INT-FAQ-A035-P2,full reimbursement,活动权益,reply,免单指退还你购买 HOT70 Pro的实付购机款,conditional,P0,FAQ-A035,faq_paraphrase
INT-FAQ-A035-P3,free phone,活动权益,reply,免单指退还你购买 HOT70 Pro的实付购机款,conditional,P0,FAQ-A035,faq_paraphrase
INT-FAQ-A035-P4,refund after winning,活动权益,reply,免单指退还你购买 HOT70 Pro的实付购机款,conditional,P0,FAQ-A035,faq_paraphrase
INT-FAQ-A035-P5,not free upfront,活动权益,reply,免单指退还你购买 HOT70 Pro的实付购机款,conditional,P0,FAQ-A035,faq_paraphrase
INT-FAQ-A036,一共抽几个名额？,活动权益,reply,大奖一名,conditional,P0,FAQ-A036,faq
INT-FAQ-A036-P1,number of winners,活动权益,reply,大奖一名,conditional,P0,FAQ-A036,faq_paraphrase
INT-FAQ-A036-P2,prize quota,活动权益,reply,大奖一名,conditional,P0,FAQ-A036,faq_paraphrase
INT-FAQ-A036-P3,grand prize,活动权益,reply,大奖一名,conditional,P0,FAQ-A036,faq_paraphrase
INT-FAQ-A036-P4,how many slots,活动权益,reply,大奖一名,conditional,P0,FAQ-A036,faq_paraphrase
INT-FAQ-A036-P5,one winner,活动权益,reply,大奖一名,conditional,P0,FAQ-A036,faq_paraphrase
INT-FAQ-A037,怎样才有资格参加抽奖？,活动权益,reply,需同时满足：① 活动期内完成 HOT70 Pro 线上预订；,conditional,P0,FAQ-A037,faq
INT-FAQ-A037-P1,draw eligibility,活动权益,reply,需同时满足：① 活动期内完成 HOT70 Pro 线上预订；,conditional,P0,FAQ-A037,faq_paraphrase
INT-FAQ-A037-P2,how to qualify,活动权益,reply,需同时满足：① 活动期内完成 HOT70 Pro 线上预订；,conditional,P0,FAQ-A037,faq_paraphrase
INT-FAQ-A037-P3,online pre-order,活动权益,reply,需同时满足：① 活动期内完成 HOT70 Pro 线上预订；,conditional,P0,FAQ-A037,faq_paraphrase
INT-FAQ-A037-P4,store pickup,活动权益,reply,需同时满足：① 活动期内完成 HOT70 Pro 线上预订；,conditional,P0,FAQ-A037,faq_paraphrase
INT-FAQ-A037-P5,WhatsApp support,活动权益,reply,需同时满足：① 活动期内完成 HOT70 Pro 线上预订；,conditional,P0,FAQ-A037,faq_paraphrase
INT-FAQ-A037-P6,specified model,活动权益,reply,需同时满足：① 活动期内完成 HOT70 Pro 线上预订；,conditional,P0,FAQ-A037,faq_paraphrase
INT-FAQ-A038,只加了 WhatsApp 能参加抽奖吗？,活动权益,reply,不能。加 WhatsApp 只是第一步，还需购买,conditional,P0,FAQ-A038,faq
INT-FAQ-A038-P1,WhatsApp only,活动权益,reply,不能。加 WhatsApp 只是第一步，还需购买,conditional,P0,FAQ-A038,faq_paraphrase
INT-FAQ-A038-P2,can I join by adding WhatsApp,活动权益,reply,不能。加 WhatsApp 只是第一步，还需购买,conditional,P0,FAQ-A038,faq_paraphrase
INT-FAQ-A038-P3,purchase required,活动权益,reply,不能。加 WhatsApp 只是第一步，还需购买,conditional,P0,FAQ-A038,faq_paraphrase
INT-FAQ-A038-P4,pickup required,活动权益,reply,不能。加 WhatsApp 只是第一步，还需购买,conditional,P0,FAQ-A038,faq_paraphrase
INT-FAQ-A039,只预订没提机能参加吗？,活动权益,reply,不能。必须完成到店提机并回传凭证，才正式获得抽奖,conditional,P0,FAQ-A039,faq
INT-FAQ-A039-P1,pre-order only,活动权益,reply,不能。必须完成到店提机并回传凭证，才正式获得抽奖,conditional,P0,FAQ-A039,faq_paraphrase
INT-FAQ-A039-P2,no pickup,活动权益,reply,不能。必须完成到店提机并回传凭证，才正式获得抽奖,conditional,P0,FAQ-A039,faq_paraphrase
INT-FAQ-A039-P3,draw eligibility,活动权益,reply,不能。必须完成到店提机并回传凭证，才正式获得抽奖,conditional,P0,FAQ-A039,faq_paraphrase
INT-FAQ-A039-P4,must collect phone,活动权益,reply,不能。必须完成到店提机并回传凭证，才正式获得抽奖,conditional,P0,FAQ-A039,faq_paraphrase
INT-FAQ-A039-P5,proof required,活动权益,reply,不能。必须完成到店提机并回传凭证，才正式获得抽奖,conditional,P0,FAQ-A039,faq_paraphrase
INT-FAQ-A040,买别的机型能参加吗？,活动权益,reply,不能，本活动仅限指定机型 Infinix HOT,conditional,P0,FAQ-A040,faq
INT-FAQ-A040-P1,other model eligibility,活动权益,reply,不能，本活动仅限指定机型 Infinix HOT,conditional,P0,FAQ-A040,faq_paraphrase
INT-FAQ-A040-P2,specified model only,活动权益,reply,不能，本活动仅限指定机型 Infinix HOT,conditional,P0,FAQ-A040,faq_paraphrase
INT-FAQ-A040-P3,HOT 70 Pro only,活动权益,reply,不能，本活动仅限指定机型 Infinix HOT,conditional,P0,FAQ-A040,faq_paraphrase
INT-FAQ-A040-P4,excluded models,活动权益,reply,不能，本活动仅限指定机型 Infinix HOT,conditional,P0,FAQ-A040,faq_paraphrase
INT-FAQ-A041,活动期之外买的算吗？,活动权益,reply,不算。须在 7 月 8 日至 7 月 19 日活,conditional,P0,FAQ-A041,faq
INT-FAQ-A041-P1,outside campaign period,活动权益,reply,不算。须在 7 月 8 日至 7 月 19 日活,conditional,P0,FAQ-A041,faq_paraphrase
INT-FAQ-A041-P2,purchase date,活动权益,reply,不算。须在 7 月 8 日至 7 月 19 日活,conditional,P0,FAQ-A041,faq_paraphrase
INT-FAQ-A041-P3,valid period,活动权益,reply,不算。须在 7 月 8 日至 7 月 19 日活,conditional,P0,FAQ-A041,faq_paraphrase
INT-FAQ-A041-P4,July 8 to July 19,活动权益,reply,不算。须在 7 月 8 日至 7 月 19 日活,conditional,P0,FAQ-A041,faq_paraphrase
INT-FAQ-A041-P5,eligible purchase,活动权益,reply,不算。须在 7 月 8 日至 7 月 19 日活,conditional,P0,FAQ-A041,faq_paraphrase
INT-FAQ-A042,发预定订单截图就能抽奖了吗？,活动权益,reply,发订单截图只是先“锁定”抽奖资格，还需完成到店提,conditional,P0,FAQ-A042,faq
INT-FAQ-A042-P1,order screenshot,活动权益,reply,发订单截图只是先“锁定”抽奖资格，还需完成到店提,conditional,P0,FAQ-A042,faq_paraphrase
INT-FAQ-A042-P2,pre-order screenshot,活动权益,reply,发订单截图只是先“锁定”抽奖资格，还需完成到店提,conditional,P0,FAQ-A042,faq_paraphrase
INT-FAQ-A042-P3,lock eligibility,活动权益,reply,发订单截图只是先“锁定”抽奖资格，还需完成到店提,conditional,P0,FAQ-A042,faq_paraphrase
INT-FAQ-A042-P4,draw entry,活动权益,reply,发订单截图只是先“锁定”抽奖资格，还需完成到店提,conditional,P0,FAQ-A042,faq_paraphrase
INT-FAQ-A042-P5,pickup still required,活动权益,reply,发订单截图只是先“锁定”抽奖资格，还需完成到店提,conditional,P0,FAQ-A042,faq_paraphrase
INT-FAQ-A043,怎么正式获得抽奖名额？,活动权益,reply,到店提机后，把你和新机的露脸合照发给客服，即可进,conditional,P0,FAQ-A043,faq
INT-FAQ-A043-P1,official draw entry,活动权益,reply,到店提机后，把你和新机的露脸合照发给客服，即可进,conditional,P0,FAQ-A043,faq_paraphrase
INT-FAQ-A043-P2,how to enter draw pool,活动权益,reply,到店提机后，把你和新机的露脸合照发给客服，即可进,conditional,P0,FAQ-A043,faq_paraphrase
INT-FAQ-A043-P3,pickup proof,活动权益,reply,到店提机后，把你和新机的露脸合照发给客服，即可进,conditional,P0,FAQ-A043,faq_paraphrase
INT-FAQ-A043-P4,selfie with phone,活动权益,reply,到店提机后，把你和新机的露脸合照发给客服，即可进,conditional,P0,FAQ-A043,faq_paraphrase
INT-FAQ-A043-P5,submit proof,活动权益,reply,到店提机后，把你和新机的露脸合照发给客服，即可进,conditional,P0,FAQ-A043,faq_paraphrase
INT-FAQ-A044,为什么要发露脸照片？不发可以吗？,活动权益,reply,用于核验你确实本人完成了提机，保证活动公平。可以,conditional,P0,FAQ-A044,faq
INT-FAQ-A044-P1,face photo,活动权益,reply,用于核验你确实本人完成了提机，保证活动公平。可以,conditional,P0,FAQ-A044,faq_paraphrase
INT-FAQ-A044-P2,selfie required,活动权益,reply,用于核验你确实本人完成了提机，保证活动公平。可以,conditional,P0,FAQ-A044,faq_paraphrase
INT-FAQ-A044-P3,privacy,活动权益,reply,用于核验你确实本人完成了提机，保证活动公平。可以,conditional,P0,FAQ-A044,faq_paraphrase
INT-FAQ-A044-P4,pickup verification,活动权益,reply,用于核验你确实本人完成了提机，保证活动公平。可以,conditional,P0,FAQ-A044,faq_paraphrase
INT-FAQ-A044-P5,alternative proof,活动权益,reply,用于核验你确实本人完成了提机，保证活动公平。可以,conditional,P0,FAQ-A044,faq_paraphrase
INT-FAQ-A044-P6,phone number,活动权益,reply,用于核验你确实本人完成了提机，保证活动公平。可以,conditional,P0,FAQ-A044,faq_paraphrase
INT-FAQ-A045,一个人能有几个抽奖名额？,活动权益,reply,每成功购买并提机一台 HOT70 Pro、完成回,conditional,P0,FAQ-A045,faq
INT-FAQ-A045-P1,number of draw entries,活动权益,reply,每成功购买并提机一台 HOT70 Pro、完成回,conditional,P0,FAQ-A045,faq_paraphrase
INT-FAQ-A045-P2,one entry per phone,活动权益,reply,每成功购买并提机一台 HOT70 Pro、完成回,conditional,P0,FAQ-A045,faq_paraphrase
INT-FAQ-A045-P3,multiple phones,活动权益,reply,每成功购买并提机一台 HOT70 Pro、完成回,conditional,P0,FAQ-A045,faq_paraphrase
INT-FAQ-A045-P4,duplicate order,活动权益,reply,每成功购买并提机一台 HOT70 Pro、完成回,conditional,P0,FAQ-A045,faq_paraphrase
INT-FAQ-A046,怎么预订 HOT70 Pro？,活动权益,reply,可以点击链接下单：https://hk-paas.trans,conditional,P0,FAQ-A046,faq
INT-FAQ-A046-P1,how to pre-order HOT 70 Pro,活动权益,reply,可以点击链接下单：https://hk-paas.trans,conditional,P0,FAQ-A046,faq_paraphrase
INT-FAQ-A046-P2,booking link,活动权益,reply,可以点击链接下单：https://hk-paas.trans,conditional,P0,FAQ-A046,faq_paraphrase
INT-FAQ-A046-P3,place order,活动权益,reply,可以点击链接下单：https://hk-paas.trans,conditional,P0,FAQ-A046,faq_paraphrase
INT-FAQ-A046-P4,send screenshot,活动权益,reply,可以点击链接下单：https://hk-paas.trans,conditional,P0,FAQ-A046,faq_paraphrase
INT-FAQ-A046-P5,lock draw entry,活动权益,reply,可以点击链接下单：https://hk-paas.trans,conditional,P0,FAQ-A046,faq_paraphrase
INT-FAQ-A047,预订后多久能提机？,活动权益,reply,到货后客服会第一时间通知你到店提机。,conditional,P0,FAQ-A047,faq
INT-FAQ-A047-P1,pickup after pre-order,活动权益,reply,到货后客服会第一时间通知你到店提机。,conditional,P0,FAQ-A047,faq_paraphrase
INT-FAQ-A047-P2,when can collect,活动权益,reply,到货后客服会第一时间通知你到店提机。,conditional,P0,FAQ-A047,faq_paraphrase
INT-FAQ-A047-P3,arrival notice,活动权益,reply,到货后客服会第一时间通知你到店提机。,conditional,P0,FAQ-A047,faq_paraphrase
INT-FAQ-A047-P4,support notification,活动权益,reply,到货后客服会第一时间通知你到店提机。,conditional,P0,FAQ-A047,faq_paraphrase
INT-FAQ-A047-P5,store pickup,活动权益,reply,到货后客服会第一时间通知你到店提机。,conditional,P0,FAQ-A047,faq_paraphrase
INT-FAQ-A048,订单截图在哪里找？,活动权益,reply,在你提交预订的确认页面/信息里可找到，发给客服即,conditional,P0,FAQ-A048,faq
INT-FAQ-A048-P1,where to find order screenshot,活动权益,reply,在你提交预订的确认页面/信息里可找到，发给客服即,conditional,P0,FAQ-A048,faq_paraphrase
INT-FAQ-A048-P2,confirmation page,活动权益,reply,在你提交预订的确认页面/信息里可找到，发给客服即,conditional,P0,FAQ-A048,faq_paraphrase
INT-FAQ-A048-P3,booking confirmation,活动权益,reply,在你提交预订的确认页面/信息里可找到，发给客服即,conditional,P0,FAQ-A048,faq_paraphrase
INT-FAQ-A048-P4,send to support,活动权益,reply,在你提交预订的确认页面/信息里可找到，发给客服即,conditional,P0,FAQ-A048,faq_paraphrase
INT-FAQ-A049,可以预约到店时间吗？,活动权益,reply,可以，把方便的时间告诉客服，帮你留货、减少排队。,conditional,P0,FAQ-A049,faq
INT-FAQ-A049-P1,store appointment,活动权益,reply,可以，把方便的时间告诉客服，帮你留货、减少排队。,conditional,P0,FAQ-A049,faq_paraphrase
INT-FAQ-A049-P2,reserve pickup time,活动权益,reply,可以，把方便的时间告诉客服，帮你留货、减少排队。,conditional,P0,FAQ-A049,faq_paraphrase
INT-FAQ-A049-P3,avoid queue,活动权益,reply,可以，把方便的时间告诉客服，帮你留货、减少排队。,conditional,P0,FAQ-A049,faq_paraphrase
INT-FAQ-A049-P4,reserve stock,活动权益,reply,可以，把方便的时间告诉客服，帮你留货、减少排队。,conditional,P0,FAQ-A049,faq_paraphrase
INT-FAQ-A049-P5,preferred visit time,活动权益,reply,可以，把方便的时间告诉客服，帮你留货、减少排队。,conditional,P0,FAQ-A049,faq_paraphrase
INT-FAQ-A050,到店立减券是什么？怎么用？,活动权益,reply,是一张到店购机抵扣券（券码形式）；到店时把券码报,conditional,P0,FAQ-A050,faq
INT-FAQ-A050-P1,in-store coupon,活动权益,reply,是一张到店购机抵扣券（券码形式）；到店时把券码报,conditional,P0,FAQ-A050,faq_paraphrase
INT-FAQ-A050-P2,instant discount coupon,活动权益,reply,是一张到店购机抵扣券（券码形式）；到店时把券码报,conditional,P0,FAQ-A050,faq_paraphrase
INT-FAQ-A050-P3,coupon code,活动权益,reply,是一张到店购机抵扣券（券码形式）；到店时把券码报,conditional,P0,FAQ-A050,faq_paraphrase
INT-FAQ-A050-P4,how to use coupon,活动权益,reply,是一张到店购机抵扣券（券码形式）；到店时把券码报,conditional,P0,FAQ-A050,faq_paraphrase
INT-FAQ-A050-P5,store discount,活动权益,reply,是一张到店购机抵扣券（券码形式）；到店时把券码报,conditional,P0,FAQ-A050,faq_paraphrase
INT-FAQ-A051,券码可以转给别人吗？,活动权益,reply,不可以，券码一码一用、绑定本人，过期作废。,conditional,P0,FAQ-A051,faq
INT-FAQ-A051-P1,transfer coupon,活动权益,reply,不可以，券码一码一用、绑定本人，过期作废。,conditional,P0,FAQ-A051,faq_paraphrase
INT-FAQ-A051-P2,share coupon,活动权益,reply,不可以，券码一码一用、绑定本人，过期作废。,conditional,P0,FAQ-A051,faq_paraphrase
INT-FAQ-A051-P3,one code one use,活动权益,reply,不可以，券码一码一用、绑定本人，过期作废。,conditional,P0,FAQ-A051,faq_paraphrase
INT-FAQ-A051-P4,personal coupon,活动权益,reply,不可以，券码一码一用、绑定本人，过期作废。,conditional,P0,FAQ-A051,faq_paraphrase
INT-FAQ-A051-P5,expired coupon,活动权益,reply,不可以，券码一码一用、绑定本人，过期作废。,conditional,P0,FAQ-A051,faq_paraphrase
INT-FAQ-A052,邀请好友有什么好处？,活动权益,reply,把专属链接发给朋友，朋友买 HOT70 Pro ,conditional,P0,FAQ-A052,faq
INT-FAQ-A052-P1,invite friends,活动权益,reply,把专属链接发给朋友，朋友买 HOT70 Pro ,conditional,P0,FAQ-A052,faq_paraphrase
INT-FAQ-A052-P2,referral benefit,活动权益,reply,把专属链接发给朋友，朋友买 HOT70 Pro ,conditional,P0,FAQ-A052,faq_paraphrase
INT-FAQ-A052-P3,referral link,活动权益,reply,把专属链接发给朋友，朋友买 HOT70 Pro ,conditional,P0,FAQ-A052,faq_paraphrase
INT-FAQ-A052-P4,friend purchase,活动权益,reply,把专属链接发给朋友，朋友买 HOT70 Pro ,conditional,P0,FAQ-A052,faq_paraphrase
INT-FAQ-A052-P5,both get coupon,活动权益,reply,把专属链接发给朋友，朋友买 HOT70 Pro ,conditional,P0,FAQ-A052,faq_paraphrase
INT-FAQ-A053,什么时候开奖？,活动权益,reply,2026 年 7 月 20 日开奖。,conditional,P0,FAQ-A053,faq
INT-FAQ-A053-P1,draw date,活动权益,reply,2026 年 7 月 20 日开奖。,conditional,P0,FAQ-A053,faq_paraphrase
INT-FAQ-A053-P2,winner announcement,活动权益,reply,2026 年 7 月 20 日开奖。,conditional,P0,FAQ-A053,faq_paraphrase
INT-FAQ-A053-P3,July 20,活动权益,reply,2026 年 7 月 20 日开奖。,conditional,P0,FAQ-A053,faq_paraphrase
INT-FAQ-A053-P4,when results,活动权益,reply,2026 年 7 月 20 日开奖。,conditional,P0,FAQ-A053,faq_paraphrase
INT-FAQ-A053-P5,lottery date,活动权益,reply,2026 年 7 月 20 日开奖。,conditional,P0,FAQ-A053,faq_paraphrase
INT-FAQ-A054,怎么开奖？公平吗？,活动权益,reply,主办方在后台从所有合格名额中随机抽取 1 名，全,conditional,P0,FAQ-A054,faq
INT-FAQ-A054-P1,how draw works,活动权益,reply,主办方在后台从所有合格名额中随机抽取 1 名，全,conditional,P0,FAQ-A054,faq_paraphrase
INT-FAQ-A054-P2,fair draw,活动权益,reply,主办方在后台从所有合格名额中随机抽取 1 名，全,conditional,P0,FAQ-A054,faq_paraphrase
INT-FAQ-A054-P3,random selection,活动权益,reply,主办方在后台从所有合格名额中随机抽取 1 名，全,conditional,P0,FAQ-A054,faq_paraphrase
INT-FAQ-A054-P4,public draw,活动权益,reply,主办方在后台从所有合格名额中随机抽取 1 名，全,conditional,P0,FAQ-A054,faq_paraphrase
INT-FAQ-A054-P5,screen recording,活动权益,reply,主办方在后台从所有合格名额中随机抽取 1 名，全,conditional,P0,FAQ-A054,faq_paraphrase
INT-FAQ-A054-P6,announcement,活动权益,reply,主办方在后台从所有合格名额中随机抽取 1 名，全,conditional,P0,FAQ-A054,faq_paraphrase
INT-FAQ-A055,中奖后怎么领奖？,活动权益,reply,收到通知后在规定时间内回复确认，并配合核验身份与,conditional,P0,FAQ-A055,faq
INT-FAQ-A055-P1,claim prize,活动权益,reply,收到通知后在规定时间内回复确认，并配合核验身份与,conditional,P0,FAQ-A055,faq_paraphrase
INT-FAQ-A055-P2,winner confirmation,活动权益,reply,收到通知后在规定时间内回复确认，并配合核验身份与,conditional,P0,FAQ-A055,faq_paraphrase
INT-FAQ-A055-P3,identity check,活动权益,reply,收到通知后在规定时间内回复确认，并配合核验身份与,conditional,P0,FAQ-A055,faq_paraphrase
INT-FAQ-A055-P4,purchase proof,活动权益,reply,收到通知后在规定时间内回复确认，并配合核验身份与,conditional,P0,FAQ-A055,faq_paraphrase
INT-FAQ-A055-P5,reimbursement,活动权益,reply,收到通知后在规定时间内回复确认，并配合核验身份与,conditional,P0,FAQ-A055,faq_paraphrase
INT-FAQ-A056,中奖后退货还能拿免单吗？,活动权益,reply,不能。中奖后若退货/退款致购买不成立，将取消中奖,conditional,P0,FAQ-A056,faq
INT-FAQ-A056-P1,return after winning,活动权益,reply,不能。中奖后若退货/退款致购买不成立，将取消中奖,conditional,P0,FAQ-A056,faq_paraphrase
INT-FAQ-A056-P2,refund after winning,活动权益,reply,不能。中奖后若退货/退款致购买不成立，将取消中奖,conditional,P0,FAQ-A056,faq_paraphrase
INT-FAQ-A056-P3,prize cancellation,活动权益,reply,不能。中奖后若退货/退款致购买不成立，将取消中奖,conditional,P0,FAQ-A056,faq_paraphrase
INT-FAQ-A056-P4,invalid purchase,活动权益,reply,不能。中奖后若退货/退款致购买不成立，将取消中奖,conditional,P0,FAQ-A056,faq_paraphrase
INT-FAQ-A056-P5,reward recovery,活动权益,reply,不能。中奖后若退货/退款致购买不成立，将取消中奖,conditional,P0,FAQ-A056,faq_paraphrase
INT-FAQ-A057,线上免单活动是真的吗？会不会是骗人的？,活动权益,reply,线上免单是官方活动，开奖公开透明。,conditional,P0,FAQ-A057,faq
INT-FAQ-A057-P1,is campaign real,活动权益,reply,线上免单是官方活动，开奖公开透明。,conditional,P0,FAQ-A057,faq_paraphrase
INT-FAQ-A057-P2,scam or official,活动权益,reply,线上免单是官方活动，开奖公开透明。,conditional,P0,FAQ-A057,faq_paraphrase
INT-FAQ-A057-P3,online free-order legit,活动权益,reply,线上免单是官方活动，开奖公开透明。,conditional,P0,FAQ-A057,faq_paraphrase
INT-FAQ-A057-P4,official rules,活动权益,reply,线上免单是官方活动，开奖公开透明。,conditional,P0,FAQ-A057,faq_paraphrase
INT-FAQ-A057-P5,transparency,活动权益,reply,线上免单是官方活动，开奖公开透明。,conditional,P0,FAQ-A057,faq_paraphrase
INT-FAQ-A058,HOT 70 Pro 的 RAM 和存储是多少？,产品信息,reply,HOT 70 Pro 5G 配备 8GB RAM + 128,false,P0,FAQ-A058,faq
INT-FAQ-A058-P1,RAM,产品信息,reply,HOT 70 Pro 5G 配备 8GB RAM + 128,false,P0,FAQ-A058,faq_paraphrase
INT-FAQ-A058-P2,ROM,产品信息,reply,HOT 70 Pro 5G 配备 8GB RAM + 128,false,P0,FAQ-A058,faq_paraphrase
INT-FAQ-A058-P3,storage,产品信息,reply,HOT 70 Pro 5G 配备 8GB RAM + 128,false,P0,FAQ-A058,faq_paraphrase
INT-FAQ-A058-P4,memory size,产品信息,reply,HOT 70 Pro 5G 配备 8GB RAM + 128,false,P0,FAQ-A058,faq_paraphrase
INT-FAQ-A058-P5,128GB,产品信息,reply,HOT 70 Pro 5G 配备 8GB RAM + 128,false,P0,FAQ-A058,faq_paraphrase
INT-FAQ-A059,HOT 70 Pro 屏幕多大？分辨率多少？,产品信息,reply,HOT 70 Pro 5G 配备大屏，支持 144Hz 高刷,conditional,P0,FAQ-A059,faq
INT-FAQ-A059-P1,screen size,产品信息,reply,HOT 70 Pro 5G 配备大屏，支持 144Hz 高刷,conditional,P0,FAQ-A059,faq_paraphrase
INT-FAQ-A059-P2,display,产品信息,reply,HOT 70 Pro 5G 配备大屏，支持 144Hz 高刷,conditional,P0,FAQ-A059,faq_paraphrase
INT-FAQ-A059-P3,resolution,产品信息,reply,HOT 70 Pro 5G 配备大屏，支持 144Hz 高刷,conditional,P0,FAQ-A059,faq_paraphrase
INT-FAQ-A059-P4,inch,产品信息,reply,HOT 70 Pro 5G 配备大屏，支持 144Hz 高刷,conditional,P0,FAQ-A059,faq_paraphrase
INT-FAQ-A060,充电功率多大？充满要多久？,产品信息,reply,HOT 70 Pro 5G 配备 6000mAh,conditional,P0,FAQ-A060,faq
INT-FAQ-A060-P1,charging speed,产品信息,reply,HOT 70 Pro 5G 配备 6000mAh,conditional,P0,FAQ-A060,faq_paraphrase
INT-FAQ-A060-P2,watt,产品信息,reply,HOT 70 Pro 5G 配备 6000mAh,conditional,P0,FAQ-A060,faq_paraphrase
INT-FAQ-A060-P3,fast charge,产品信息,reply,HOT 70 Pro 5G 配备 6000mAh,conditional,P0,FAQ-A060,faq_paraphrase
INT-FAQ-A060-P4,charging time,产品信息,reply,HOT 70 Pro 5G 配备 6000mAh,conditional,P0,FAQ-A060,faq_paraphrase
INT-FAQ-A060-P5,full charge,产品信息,reply,HOT 70 Pro 5G 配备 6000mAh,conditional,P0,FAQ-A060,faq_paraphrase
INT-FAQ-A061,出厂系统版本是什么？支持 Google 服务吗？,产品信息,reply,HOT 70 Pro 5G 搭载最新 Android 系统，,false,P0,FAQ-A061,faq
INT-FAQ-A061-P1,Android version,产品信息,reply,HOT 70 Pro 5G 搭载最新 Android 系统，,false,P0,FAQ-A061,faq_paraphrase
INT-FAQ-A061-P2,OS,产品信息,reply,HOT 70 Pro 5G 搭载最新 Android 系统，,false,P0,FAQ-A061,faq_paraphrase
INT-FAQ-A061-P3,Google Play,产品信息,reply,HOT 70 Pro 5G 搭载最新 Android 系统，,false,P0,FAQ-A061,faq_paraphrase
INT-FAQ-A061-P4,GMS,产品信息,reply,HOT 70 Pro 5G 搭载最新 Android 系统，,false,P0,FAQ-A061,faq_paraphrase
INT-FAQ-A061-P5,software,产品信息,reply,HOT 70 Pro 5G 搭载最新 Android 系统，,false,P0,FAQ-A061,faq_paraphrase
INT-FAQ-A062,保修期多长？,官方身份,reply,HOT 70 Pro 5G 享有标准 1 年制造商保修，涵盖,conditional,P0,FAQ-A062,faq
INT-FAQ-A062-P1,warranty period,官方身份,reply,HOT 70 Pro 5G 享有标准 1 年制造商保修，涵盖,conditional,P0,FAQ-A062,faq_paraphrase
INT-FAQ-A062-P2,how long warranty,官方身份,reply,HOT 70 Pro 5G 享有标准 1 年制造商保修，涵盖,conditional,P0,FAQ-A062,faq_paraphrase
INT-FAQ-A062-P3,guarantee,官方身份,reply,HOT 70 Pro 5G 享有标准 1 年制造商保修，涵盖,conditional,P0,FAQ-A062,faq_paraphrase
INT-FAQ-A063,售后服务中心在哪里？,门店相关,handoff,,true,P0,FAQ-A063,faq
INT-FAQ-A063-P1,service center,门店相关,handoff,,true,P0,FAQ-A063,faq_paraphrase
INT-FAQ-A063-P2,repair shop,门店相关,handoff,,true,P0,FAQ-A063,faq_paraphrase
INT-FAQ-A063-P3,after-sales,门店相关,handoff,,true,P0,FAQ-A063,faq_paraphrase
INT-FAQ-A063-P4,fix my phone,门店相关,handoff,,true,P0,FAQ-A063,faq_paraphrase
INT-FAQ-A064,手机出问题怎么办？,官方身份,reply,如果您的 HOT 70 Pro 5G 出现任何问题，请携带设,conditional,P0,FAQ-A064,faq
INT-FAQ-A064-P1,phone broken,官方身份,reply,如果您的 HOT 70 Pro 5G 出现任何问题，请携带设,conditional,P0,FAQ-A064,faq_paraphrase
INT-FAQ-A064-P2,not working,官方身份,reply,如果您的 HOT 70 Pro 5G 出现任何问题，请携带设,conditional,P0,FAQ-A064,faq_paraphrase
INT-FAQ-A064-P3,issue,官方身份,reply,如果您的 HOT 70 Pro 5G 出现任何问题，请携带设,conditional,P0,FAQ-A064,faq_paraphrase
INT-FAQ-A064-P4,problem,官方身份,reply,如果您的 HOT 70 Pro 5G 出现任何问题，请携带设,conditional,P0,FAQ-A064,faq_paraphrase
INT-FAQ-A064-P5,defect,官方身份,reply,如果您的 HOT 70 Pro 5G 出现任何问题，请携带设,conditional,P0,FAQ-A064,faq_paraphrase
INT-FAQ-A064-P6,malfunction,官方身份,reply,如果您的 HOT 70 Pro 5G 出现任何问题，请携带设,conditional,P0,FAQ-A064,faq_paraphrase
INT-FAQ-A065,门店支持哪些付款方式？,活动规则,reply,付款方式因门店而异。大多数 Infinix 门店接受现金、银,conditional,P0,FAQ-A065,faq
INT-FAQ-A065-P1,payment method,活动规则,reply,付款方式因门店而异。大多数 Infinix 门店接受现金、银,conditional,P0,FAQ-A065,faq_paraphrase
INT-FAQ-A065-P2,bKash,活动规则,reply,付款方式因门店而异。大多数 Infinix 门店接受现金、银,conditional,P0,FAQ-A065,faq_paraphrase
INT-FAQ-A065-P3,Nagad,活动规则,reply,付款方式因门店而异。大多数 Infinix 门店接受现金、银,conditional,P0,FAQ-A065,faq_paraphrase
INT-FAQ-A065-P4,cash,活动规则,reply,付款方式因门店而异。大多数 Infinix 门店接受现金、银,conditional,P0,FAQ-A065,faq_paraphrase
INT-FAQ-A065-P5,card,活动规则,reply,付款方式因门店而异。大多数 Infinix 门店接受现金、银,conditional,P0,FAQ-A065,faq_paraphrase
INT-FAQ-A065-P6,how to pay,活动规则,reply,付款方式因门店而异。大多数 Infinix 门店接受现金、银,conditional,P0,FAQ-A065,faq_paraphrase
INT-FAQ-A066,支持送货上门吗？,提机相关,reply,目前预购需要在所选 Infinix 门店到店取货。预购暂不支,false,P0,FAQ-A066,faq
INT-FAQ-A066-P1,home delivery,提机相关,reply,目前预购需要在所选 Infinix 门店到店取货。预购暂不支,false,P0,FAQ-A066,faq_paraphrase
INT-FAQ-A066-P2,shipping,提机相关,reply,目前预购需要在所选 Infinix 门店到店取货。预购暂不支,false,P0,FAQ-A066,faq_paraphrase
INT-FAQ-A066-P3,deliver to my address,提机相关,reply,目前预购需要在所选 Infinix 门店到店取货。预购暂不支,false,P0,FAQ-A066,faq_paraphrase
INT-FAQ-A066-P4,courier,提机相关,reply,目前预购需要在所选 Infinix 门店到店取货。预购暂不支,false,P0,FAQ-A066,faq_paraphrase
INT-FAQ-A067,预购福利和免单活动能同时参加吗？,活动权益,reply,可以！预购福利和线上免单抽奖是两个独立活动。如果您预购 HO,false,P0,FAQ-A067,faq
INT-FAQ-A067-P1,both campaigns,活动权益,reply,可以！预购福利和线上免单抽奖是两个独立活动。如果您预购 HO,false,P0,FAQ-A067,faq_paraphrase
INT-FAQ-A067-P2,stack benefits,活动权益,reply,可以！预购福利和线上免单抽奖是两个独立活动。如果您预购 HO,false,P0,FAQ-A067,faq_paraphrase
INT-FAQ-A067-P3,pre-order + lucky draw,活动权益,reply,可以！预购福利和线上免单抽奖是两个独立活动。如果您预购 HO,false,P0,FAQ-A067,faq_paraphrase
INT-FAQ-A067-P4,combine,活动权益,reply,可以！预购福利和线上免单抽奖是两个独立活动。如果您预购 HO,false,P0,FAQ-A067,faq_paraphrase
INT-FAQ-A068,HOT 70 Pro 和其他 Infinix 手机有什么区别？,产品信息,reply,HOT 70 Pro 5G 是我们最新的旗舰级设备，配备 1,conditional,P0,FAQ-A068,faq
INT-FAQ-A068-P1,compare,产品信息,reply,HOT 70 Pro 5G 是我们最新的旗舰级设备，配备 1,conditional,P0,FAQ-A068,faq_paraphrase
INT-FAQ-A068-P2,vs,产品信息,reply,HOT 70 Pro 5G 是我们最新的旗舰级设备，配备 1,conditional,P0,FAQ-A068,faq_paraphrase
INT-FAQ-A068-P3,difference,产品信息,reply,HOT 70 Pro 5G 是我们最新的旗舰级设备，配备 1,conditional,P0,FAQ-A068,faq_paraphrase
INT-FAQ-A068-P4,other models,产品信息,reply,HOT 70 Pro 5G 是我们最新的旗舰级设备，配备 1,conditional,P0,FAQ-A068,faq_paraphrase
INT-FAQ-A068-P5,which is better,产品信息,reply,HOT 70 Pro 5G 是我们最新的旗舰级设备，配备 1,conditional,P0,FAQ-A068,faq_paraphrase
INT-FAQ-A069,预订后能修改手机号吗？,活动规则,handoff,,true,P0,FAQ-A069,faq
INT-FAQ-A069-P1,change phone number,活动规则,handoff,,true,P0,FAQ-A069,faq_paraphrase
INT-FAQ-A069-P2,update number,活动规则,handoff,,true,P0,FAQ-A069,faq_paraphrase
INT-FAQ-A069-P3,modify contact,活动规则,handoff,,true,P0,FAQ-A069,faq_paraphrase
INT-FAQ-A069-P4,wrong number,活动规则,handoff,,true,P0,FAQ-A069,faq_paraphrase
INT-FAQ-A070,怎么查我的预订状态？,活动规则,handoff,,true,P0,FAQ-A070,faq
INT-FAQ-A070-P1,check booking,活动规则,handoff,,true,P0,FAQ-A070,faq_paraphrase
INT-FAQ-A070-P2,my order,活动规则,handoff,,true,P0,FAQ-A070,faq_paraphrase
INT-FAQ-A070-P3,pre-order status,活动规则,handoff,,true,P0,FAQ-A070,faq_paraphrase
INT-FAQ-A070-P4,am I registered,活动规则,handoff,,true,P0,FAQ-A070,faq_paraphrase
INT-FAQ-A071,门店营业时间是什么？,门店相关,reply,门店营业时间因地点而异。大多数 Infinix 门店营业时间,conditional,P0,FAQ-A071,faq
INT-FAQ-A071-P1,opening hours,门店相关,reply,门店营业时间因地点而异。大多数 Infinix 门店营业时间,conditional,P0,FAQ-A071,faq_paraphrase
INT-FAQ-A071-P2,store timing,门店相关,reply,门店营业时间因地点而异。大多数 Infinix 门店营业时间,conditional,P0,FAQ-A071,faq_paraphrase
INT-FAQ-A071-P3,when open,门店相关,reply,门店营业时间因地点而异。大多数 Infinix 门店营业时间,conditional,P0,FAQ-A071,faq_paraphrase
INT-FAQ-A071-P4,close time,门店相关,reply,门店营业时间因地点而异。大多数 Infinix 门店营业时间,conditional,P0,FAQ-A071,faq_paraphrase
