序号,用户问题,问题（英文）,分类,业务反馈,回复中文翻译,是否转人工（英文）,是否需要转人工,转人工条件（英文）,转人工条件/备注,状态
,HOT70 Pro 5G有哪些配置？,What are the specifications of the HOT70 Pro 5G?,HOT 70 Pro 商品信息,"HOT 70 Pro 5G Key Specs:
• Display: 144Hz High Refresh Rate, 960nits brightness
• Camera: SONY Image System
• Battery: 6000mAh with fast charging
• Protection: IP68/IP69 water & dust resistant
• OS: 3 years OS update + 5 years security update
• Special: Color-changing back design + DIY Cube LED
• Colors: 4 color-changing crystal variants","HOT 70 Pro 5G 主要规格：
• 显示屏：144Hz 高刷新率，960 尼特亮度
• 相机：索尼影像系统
• 电池：6000mAh 带快速充电
• 防护：IP68/IP69 防水防尘
• 操作系统：3 年系统更新 + 5 年安全更新
• 特色：变色背部设计 + DIY 立方体 LED
• 颜色：4 种变色水晶版本
",Depends on the situation,视情况,"Transfer to human for confirmation if price is uncertain, product status changes, or special quotations are involved",如涉及价格不确定、商品状态变化、特殊报价，转人工确认。,已确认
,预定HOT 70 Pro的活动怎么参加？,How can I participate in the pre-order event for the HOT 70 Pro?,活动规则,"How to Pre-order HOT 70 Pro 5G:
1️⃣ Scan the pre-order QR code or visit the activity page
2️⃣ Fill in your details (name, phone number)
3️⃣ Enter the verification code
4️⃣ Select your preferred store & pickup time
5️⃣ Confirm your booking — you'll receive a pickup code!

📅 Pre-order period: July 8–12
🎁 Pre-order benefits available — don't miss out!","如何预购HOT 70 Pro 5G：
1️⃣ 扫描预购二维码或访问活动页面
2️⃣ 填写您的详细信息（姓名、电话号码）
3️⃣ 输入验证码
4️⃣ 选择您偏好的门店和取货时间
5️⃣ 确认您的预订——您将收到取货码！

📅 预购期：7月8日–12日
🎁 预购福利已上线——不要错过！",No,否,"Transfer to human if booking fails, entry page cannot be opened, or process is abnormal",如用户预订失败、入口打不开、流程异常，转人工。,已确认
,预订 HOT 70 Pro有什么福利？,What are the benefits of booking the HOT 70 Pro?,活动权益,"Pre-order Exclusive Benefits:
🎁 Priority pickup — be among the first to get HOT 70 Pro 5G
🎁 Exclusive pre-order gifts (subject to availability)
🎁 Chance to win lucky draw prizes
🎁 Special in-store promotions during launch week

Visit your nearest Infinix store for full details!","预购专属福利：
🎁 优先提货 — 抢先拥有HOT 70 Pro 5G
🎁 专属预购礼品（数量有限，赠完即止）
🎁 有机会赢取抽奖奖品
🎁 上市周期间的店内特别促销

前往离您最近的Infinix门店了解完整详情！",Depends on the situation,视情况,"Transfer to human if user asks about special promotions, fails to claim benefits, or asks whether discounts can be stacked",如用户询问特殊优惠、权益领取失败、优惠是否可叠加，转人工。,已确认
,什么时候可以提机？,When can I pick up the machine?,提机规则,"Pickup Schedule:
• Pre-order pickup starts: July 13 (first day of launch week)
• Pickup during: July 13–19 (launch week)
• Store hours: Please check your selected store's opening hours

Please visit your selected store within the pickup period with your confirmation code & valid ID.","取货安排：
• 预购取货开始时间：7月13日（发布周第一天）
• 取货时间：7月13日–19日（发布周）
• 门店营业时间：请查询您所选门店的营业时间

请在取货期内前往您所选的门店，并携带确认码和有效身份证件。",Depends on the situation,视情况,"Transfer to human if user cannot pick up the device at the store, voucher is abnormal, or deadline has passed",如用户到店无法提机、凭证异常、超过截止时间，转人工。,待确认
,哪里可以买/提HOT 70 Pro？,Where can I buy/pick up the HOT 70 Pro?,门店信息,"HOT 70 Pro 5G is available at 1,500+ Infinix stores nationwide, including:
• Infinix Brand Shops (IBO)
• Infinix Partner Stores (IBP)
• Authorized KDM partners

Tap ""Find a Store"" to locate the nearest Infinix store to you!
https://hk-paas.transsion.com/cmp-campaign-h5/hot70/view/online ","HOT 70 Pro 5G已在全国1500多家Infinix门店发售，包括：
• Infinix品牌店（IBO）
• Infinix合作伙伴店（IBP）
• 授权KDM合作伙伴

点击“查找门店”，定位离您最近的Infinix门店！
https://hk-paas.transsion.com/cmp-campaign-h5/hot70/view/online ",Depends on the situation,视情况,"Transfer to human if real-time inventory, store anomalies, uncovered cities, or specific store confirmation are involved",如涉及实时库存、门店异常、城市未覆盖、具体门店确认，转人工。,已确认
,这个 WhatsApp 号是正规的吗？,Is this WhatsApp number legitimate?,官方身份说明,"Yes! This is the official Infinix WhatsApp channel. We are an authorized Infinix service team.

✅ All products sold through our channels are 100% genuine
✅ Full manufacturer warranty applies
✅ After-sales support at any Infinix service center

You can verify official channels on our website and social media pages.","是的！这是官方的传音Infinix WhatsApp频道。我们是经过授权的传音Infinix服务团队。

✅ 通过我们渠道销售的所有产品均100%为正品
✅ 享有完整的制造商保修
✅ 可在任何传音Infinix服务中心获得售后支持

您可以在我们的网站和社交媒体页面上验证官方渠道。",No,否,Transfer to human if user still does not trust or requests manual confirmation,如用户仍不信任或要求人工确认，可转人工。,已确认
,预订失败了怎么办？,What should I do if the booking fails?,人工兜底规则,"We're sorry for the inconvenience! If your pre-order failed, our team can help you manually complete the booking. A support agent will assist you shortly.",对于给您带来的不便，我们深表歉意！如果您的预订失败，我们的团队可以帮助您手动完成预订。客服人员将很快为您提供协助。,Yes,是,"Such issues should原则上 be escalated to human fallback, and the reason should be recorded",此类问题原则上进入人工兜底，并记录原因。,已确认
,HOT70 Pro 5G有哪些颜色？,What colors does the HOT70 Pro 5G come in?,HOT 70 Pro 商品信息,HOT 70 Pro 5G features 4 stunning color-changing variants with our exclusive Crystal Glow technology — the back changes color under different lighting!Night pulse、Mirage green、Dive blue、Thermo orange.,HOT 70 Pro 5G 拥有 4 款令人惊艳的变色版本，搭载我们独家的水晶焕彩技术——背部在不同光线下会变色！夜潮、幻影绿、深蓝、热橙色。,No,否,,—,已确认
,HOT70 Pro 支持 5G 吗？,Does the HOT70 Pro support 5G?,HOT 70 Pro 商品信息,"Yes! HOT 70 Pro 5G supports 5G connectivity for ultra-fast browsing, streaming, and gaming. Experience next-level speed!",是的！HOT 70 Pro 5G 支持 5G 连接，可实现超快速浏览、流媒体和游戏体验。尽情享受更高级别的速度吧！,No,否,,—,已确认
,HOT70 Pro 5G防水吗？,Is the HOT70 Pro 5G waterproof?,HOT 70 Pro 商品信息,"Yes! HOT 70 Pro 5G is rated IP68/IP69 for water and dust resistance — built to handle rain, splashes, and dusty environments with confidence.",是的！HOT 70 Pro 5G 拥有 IP68/IP69 防水防尘等级，能够从容应对雨水、泼溅和多尘环境。,No,否,,—,已确认
,预订后下一步做什么？,What to do next after booking?,活动规则,"After successful pre-order, you will receive:
✅ A pickup confirmation code via SMS
✅ A reminder before the pickup date

On pickup day, visit your selected store with your confirmation code & valid ID to collect your HOT 70 Pro 5G!","成功预订后，您将收到：
✅ 通过短信发送的取货确认码
✅ 取货日期前的提醒

取货当天，请携带确认码和有效身份证件前往您选择的门店，领取您的HOT 70 Pro 5G！",No,否,,—,已确认
,支持分期付款吗？,Do you support installment payments?,活动权益,Yes! HOT 70 Pro 5G supports installment plans with options starting from 0 down payment. Available at selected Infinix stores. Ask our in-store team for details on eligible plans!,是的！HOT 70 Pro 5G支持分期付款计划，可选0首付起。部分Infinix门店有售。请向店内工作人员咨询符合条件的计划详情！,Depends on the situation,视情况,"Specific installment plans require store confirmation, transfer to human",具体分期方案需门店确认，转人工。,已确认
,到店有什么礼品？,What gifts are available when visiting the store?,活动权益,"Visit any participating Infinix store during the launch period (July 13–19) to receive exclusive in-store gifts and promotions! Gifts are subject to availability — first come, first served.",在发布期间（7月13日至19日）访问任何参与活动的Infinix门店，即可获得独家店内礼品和促销！礼品数量有限，先到先得。,Depends on the situation,视情况,Transfer to human if gifts are out of stock or user files a complaint,如礼品已发完、用户投诉，转人工。,待确认
,提机需要带什么？,What do I need to bring to pick up the machine?,提机规则,"To collect your HOT 70 Pro 5G, please bring:
1️⃣ Your pickup confirmation code (sent via SMS)
2️⃣ A valid government-issued ID

Make sure the name on your booking matches your ID.","领取您的HOT 70 Pro 5G时，请携带：
1️⃣ 取货确认码（通过短信发送）
2️⃣ 有效的政府签发身份证件

请确保您预订时使用的姓名与身份证件上的姓名一致。",No,否,,—,已确认
,可以换门店提机吗？,Can I pick up the device at a different store?,提机规则,"Pre-orders are tied to the store you selected during booking. If you need to change your pickup store, please reply with ""Change Pickup Store"".",预订与您在预约时选择的门店绑定。如果您需要更改取货门店，请回复“更换取货门店”。,Yes,是,Store change requires manual processing,门店变更需人工处理。,已确认
,我所在的城市有门店吗？,Is there a store in my city?,门店信息,"Infinix has stores across major cities. To check if there's a store near you, tap ""Find a Store"" !
https://hk-paas.transsion.com/cmp-campaign-h5/hot70/view/online ","传音在各大城市都有门店。要查询您附近是否有门店，请点击“查找门店”！
https://hk-paas.transsion.com/cmp-campaign-h5/hot70/view/online ",Yes,是,Need to confirm specific city coverage,需确认具体城市覆盖情况。,已确认
,HOT 70 Pro是正品吗？有保修吗？,Is the HOT 70 Pro genuine? Does it come with a warranty?,官方身份说明,"Absolutely! HOT 70 Pro 5G is a 100% genuine Infinix product with:
✅ Full manufacturer warranty
✅ Official after-sales service at Infinix service centers
✅ 3 years OS updates + 5 years security updates","当然！HOT 70 Pro 5G 是 100% 正品传音产品，具有：
✅ 完整的制造商保修
✅ 传音服务中心的官方售后服务
✅ 3 年操作系统更新 + 5 年安全更新",No,否,,—,已确认
,我想取消预订,I want to cancel the reservation.,人工兜底规则,"To cancel your pre-order, please provide your booking confirmation code. We'll process your cancellation right away.",要取消您的预订，请提供您的预订确认码。我们将立即处理您的取消请求。,Yes,是,Cancellation of booking requires manual processing,取消预订需人工处理。,已确认
,我要投诉/反馈问题,I want to make a complaint/feedback about an issue,人工兜底规则,We take your feedback seriously. A support agent will be with you shortly to help resolve your concern. Thank you for your patience!,我们非常重视您的反馈。客服人员将很快与您联系，帮助解决您的问题。感谢您的耐心等待！,Yes,是,Escalate directly to human,直接进入人工。,已确认
,到店后无法提机,Unable to pick up the device after arriving at the store,人工兜底规则,"We apologize for the trouble. Please provide your confirmation code, and we'll coordinate with the store to resolve this for you.",我们为给您带来的麻烦深表歉意。请提供您的确认码，我们将与商店协调为您解决此问题。,Yes,是,"Escalate directly to human, needs to coordinate with store",直接进入人工，需协调门店。,已确认
,HOT70 Pro 5G多少钱？ ,How much is the HOT70 Pro 5G?,HOT 70 Pro 商品信息,"HOT 70 Pro 5G 128GB+8GB is priced at BDT 36,999.

Online pre-booking is free. After submitting your information online, please visit your selected Infinix store to pay the BDT 5,000 offline deposit and confirm your pre-order.

If you have paid the BDT 5,000 deposit, the remaining balance is BDT 31,999 and should be paid when you collect the phone.","HOT 70 Pro 5G 128GB+8GB 售价为 BDT 36,999。

线上预订免费。在线提交信息后，请前往您选择的 Infinix 门店线下支付 BDT 5,000 订金并确认预订。

如果已支付 BDT 5,000 订金，提机时需支付剩余尾款 BDT 31,999。",Depends on the situation,视情况,"Transfer to human when store quotations are inconsistent, special prices, overlapping discounts, or price disputes occur",门店报价不一致、特殊价格、优惠叠加、价格争议时转人工。,已确认
,订金在哪里付,Where to pay the deposit,活动规则,"The BDT 5,000 deposit should be paid offline at your selected Infinix store.

Please bring your booking information or confirmation code when you visit the store.","BDT 5,000 订金需要在线下所选 Infinix 门店支付。

前往门店时，请携带您的预订信息或确认码。",Depends on the situation,视情况,"Transfer to human when user asks about specific store payment methods, receipts, or when the store cannot accept payment",用户询问具体门店付款方式、收据、门店无法收款时转人工。,已确认
,提机时还要付多少钱？,How much more do I need to pay when picking up the machine?,提机规则,"The total price is BDT 36,999. If you have already paid the BDT 5,000 deposit at the store, you will need to pay the remaining BDT 31,999 when you pick up the phone.

Final payment should be confirmed with the selected store.","总价为 BDT 36,999。如果您已在门店支付 BDT 5,000 订金，提机时还需支付剩余 BDT 31,999。

最终付款金额请以所选门店确认为准。",Depends on the situation,视情况,"Transfer to human when user has already received other discounts, store amount is inconsistent, or there is a payment dispute",用户已享受其他优惠、门店金额不一致、付款争议时转人工。,已确认
,如果只线上填了信息，算预订成功吗？,"If I only filled in the information online, is the reservation considered successful?",活动规则,"Submitting your information online helps reserve your interest.

Your pre-order is confirmed after you visit the selected Infinix store and pay the BDT 5,000 offline deposit during the pre-order period.","在线提交信息只是完成预订意向登记，

您需要在预订期内前往所选 Infinix 门店线下支付 BDT 5,000 订金后，才算完成预订确认。",Depends on the situation,视情况,"Transfer to human when user has submitted but the store cannot find the record, no confirmation message received, or asking whether the slot can be reserved",用户已提交但门店查不到记录、没收到确认信息、是否能保留名额时转人工。,已确认
,线上预订后，多久内要去门店付订金？,"After making an online reservation, how long do I have to go to the store to pay the deposit?",活动规则,"Please visit your selected Infinix store during the pre-order period, July 8–12, 2026, to pay the BDT 5,000 offline deposit and confirm your pre-order.

If you do not complete the offline deposit confirmation during the pre-order period, your pre-order may not be secured.","请在预订期 2026 年 7 月 8 日至 7 月 12 日期间，前往您选择的 Infinix 门店线下支付 BDT 5,000 订金，以确认预订。

如果未在预订期内完成线下订金确认，您的预订名额可能无法保留。",Depends on the situation,视情况,"Transfer to human when user asks whether it can be extended, whether the store can reserve a slot, or the booking period has passed",用户问是否可延期、门店是否能保留名额、已错过预订期时转人工。,待确认
,订金线上能不能付？,Can the deposit be paid online?,活动规则,"No. Online pre-booking is free and does not require online payment.

The BDT 5,000 deposit should be paid offline at your selected Infinix store to confirm the pre-order.","不能。线上预订是免费的，不需要在线支付。

BDT 5,000 订金需要在您选择的 Infinix 线下门店支付，用于确认预订。",Depends on the situation,视情况,"Transfer to human when user asks which payment methods the store supports, payment fails, or requests online transfer",用户询问门店支持哪些付款方式、支付失败、要求线上转账时转人工。,已确认
,可以预订几台？,How many units can be booked?,活动规则,Each order may be limited to 1 unit under the campaign rules.,"根据活动规则，每个订单通常限预订 1 台。
",Depends on the situation,视情况,"Transfer to human for multi-unit purchases, group buying, bulk procurement, or special store handling",多台购买、团购、批量采购、门店特殊处理时转人工。,已确认
,选了某个颜色，门店能保证有吗？,"If I choose a certain color, can the store guarantee it is available?",HOT 70 Pro 商品信息,"Color availability depends on the stock at your selected store.

Your selected color is a preference, but final availability will be confirmed at the time of pickup or delivery.","颜色是否可选取决于您所选门店的实际库存。

您在线上选择的颜色会作为偏好记录，但最终是否可提供，需要以提机或交付时门店库存为准。",Depends on the situation,视情况,"Transfer to human when user strongly requests a specific color, inquires about specific store color inventory, or complains about color inconsistency",用户强烈要求某一颜色、查询具体门店颜色库存、投诉颜色不一致时转人工。,已确认
,到店具体是什么礼品,What exactly is the gift when arriving at the store?,活动权益,"The pre-order gift for this campaign is a Smart Watch, subject to stock availability and campaign rules.

Gift images are for illustration only. The actual color, model, or design may vary.","本次预订活动赠品为 Smart Watch，具体以库存和活动规则为准。

赠品图片仅供参考，实际颜色、型号或设计可能会有所不同。",Depends on the situation,视情况,"Transfer to human when user asks about gift model, color, inventory, whether it is guaranteed, or whether it can be exchanged",用户问赠品型号、颜色、库存、是否一定有、是否可换时转人工。,已确认
,Smart Watch 怎么领取？,How to claim the Smart Watch?,活动权益,"The Smart Watch gift will be provided after you purchase the device and successfully activate the phone .

Gift availability is subject to stock and campaign rules.","Smart Watch 赠品将在您完成购机，并在新手机上成功激活后发放。
赠品是否可领取以库存和活动规则为准。",Depends on the situation,视情况,"Transfer to human when user asks how long activation takes, gift not received, store refuses to give gift, or SIM activation is abnormal",用户问激活多久生效、赠品未收到、门店不给赠品、SIM 激活异常时转人工。,已确认
,为什么要激活才能拿赠品？,Why do I need to activate to get the gift?,活动权益,"Activation is required to confirm that the device has been purchased and used by an end customer.

The gift will be released only after successful activation on the purchased device.","需要激活，是为了确认该设备已由终端用户购买并实际使用。

赠品仅会在购买的设备成功完成 激活后发放。",Depends on the situation,视情况,"Transfer to human when user disputes activation rules, SIM activation fails, or there is a gift eligibility dispute",用户对激活规则有异议、SIM 激活失败、赠品资格争议时转人工。,已确认
,IBP / IBO 门店是什么意思？,What does IBP/IBO store mean?,门店信息,"IBP/IBO stores refer to participating Infinix authorized stores.

Your deposit confirmation, pickup, stock availability, and gift claim will be handled by the selected participating store.","IBP/IBO 门店指参与本次活动的 Infinix 授权门店。

您的订金确认、提机、库存确认和赠品领取，将由您选择的参与门店处理。",Depends on the situation,视情况,Transfer to a human agent when the user asks whether a specific store is IBP/IBO or asks about store qualifications.,用户询问具体门店是否属于 IBP/IBO 或门店资质时转人工。,已确认
,线上抽奖/免单这是什么活动？,What is this online lucky draw/free order event?,私域侧活动,"Infinix HOT 70 Pro purchase reimbursement grand prize campaign:

During the campaign, purchase HOT 70 Pro, complete in-store pickup, and submit the required proof to join the lucky draw for a chance to win full reimbursement of the phone purchase price.",Infinix HOT70 Pro免单大奖活动：活动期内购买 HOT70 Pro并完成到店提机、回传凭证，即可参与抽奖，有机会赢得免单（退还购机款）。,,,,,待确认
,线上免单活动时间是什么时候？,When is the online free order event time?,私域侧活动,"The campaign period is from 00:00 on July 8, 2026 to 00:00 on July 19, 2026.

The winner announcement date is July 20, 2026.",活动期为 2026 年 7 月 8 日 0 点至 7 月 19 日 0 点；开奖日为 7 月 20 日。,,,,,待确认
,免单是什么意思？是免费送手机吗？,"What does ""mian dan"" mean? Does it mean a free phone?",私域侧活动,"""Free order"" means the actual amount you paid to purchase HOT 70 Pro will be refunded if you win.

You still need to purchase the phone first. The prize is a refund after winning, not a free phone given upfront.",免单指退还你购买 HOT70 Pro的实付购机款。需先正常购买，中奖后退款，并非直接免费送。,,,,,待确认
,一共抽几个名额？,How many spots are there in total?,私域侧活动,There is 1 grand prize winner.,大奖一名,,,,,待确认
,怎样才有资格参加抽奖？,How to qualify for the lottery?,私域侧活动,"To qualify, you must meet all of the following requirements:
1. Complete HOT 70 Pro online pre-order during the campaign period.
2. Complete in-store pickup.
3. Add the official WhatsApp customer service account.
4. Purchase the specified model, HOT 70 Pro.",需同时满足：① 活动期内完成 HOT70 Pro 线上预订；② 到店完成提机；③ 添加官方 WhatsApp 客服；④ 所购为指定机型 HOT70 Pro。,,,,,待确认
,只加了 WhatsApp 能参加抽奖吗？,Can I participate in the lucky draw by only adding WhatsApp?,私域侧活动,"No. Adding WhatsApp is only the first step.

You must also purchase HOT 70 Pro and complete in-store pickup to qualify for the lucky draw.",不能。加 WhatsApp 只是第一步，还需购买HOT 70 Pro 并完成到店提机才有资格。,,,,,待确认
,只预订没提机能参加吗？,Can I participate if I only made a reservation but didn't pick up the machine?,私域侧活动,No. You must complete in-store pickup and submit the required proof before you officially receive a lucky draw entry.,不能。必须完成到店提机并回传凭证，才正式获得抽奖名额。,,,,,待确认
,买别的机型能参加吗？,Can I participate if I buy another model?,私域侧活动,"No. This campaign is only for the specified model, Infinix HOT 70 Pro.",不能，本活动仅限指定机型 Infinix HOT70 Pro。,,,,,待确认
,活动期之外买的算吗？,Does it count if it was bought outside the active period?,私域侧活动,"No. The purchase and pickup must be completed during the campaign period, from July 8 to July 19.",不算。须在 7 月 8 日至 7 月 19 日活动期内购买并完成提机。,,,,,待确认
,发预定订单截图就能抽奖了吗？,Can I draw a lottery by sending a screenshot of the reservation order?,私域侧活动,"Sending a pre-order screenshot only helps lock your lucky draw eligibility.

You still need to complete in-store pickup before you officially enter the lucky draw pool.",发订单截图只是先“锁定”抽奖资格，还需完成到店提机后才正式进入抽奖池。,,,,,待确认
,怎么正式获得抽奖名额？,How to formally obtain a lottery entry?,私域侧活动,"After completing in-store pickup, send customer service a clear selfie showing you and the new phone. You will then enter the lucky draw pool.",到店提机后，把你和新机的露脸合照发给客服，即可进入抽奖池。,,,,,待确认
,为什么要发露脸照片？不发可以吗？,Why post a photo showing your face? Is it okay not to post?,私域侧活动,"The face photo is used to verify that you personally completed pickup and to keep the campaign fair.

If you do not want to send a face photo, you may use other pickup proof and the ordering phone number instead.",用于核验你确实本人完成了提机，保证活动公平。可以用其提机凭证和下单手机号代替。,,,,,待确认
,一个人能有几个抽奖名额？,How many lottery entries can one person have?,私域侧活动,"Each successfully purchased and picked-up HOT 70 Pro, with proof submitted, gives you 1 lucky draw entry.

The same order will not be counted repeatedly.",每成功购买并提机一台 HOT70 Pro、完成回传，得 1 个名额；同一订单不重复计算。,,,,,待确认
,怎么预订 HOT70 Pro？,How to book HOT70 Pro?,私域侧活动,"You can place your order through this link:
https://hk-paas.transsion.com/cmp-campaign-h5/hot70/view/online

After placing the order, send a screenshot to customer service so we can help lock your lucky draw eligibility.",可以点击链接下单：https://hk-paas.transsion.com/cmp-campaign-h5/hot70/view/online ，下了发截图给我为你锁定抽奖名额~,,,,,待确认
,预订后多久能提机？,How long after booking can I pick up the machine?,私域侧活动,"After the phone arrives, customer service will notify you as soon as possible to pick it up at the store.",到货后客服会第一时间通知你到店提机。,,,,,待确认
,订单截图在哪里找？,Where can I find the order screenshot?,私域侧活动,"You can find the order screenshot on the confirmation page or in the information shown after submitting your pre-order.

Send it to customer service to lock your eligibility.",在你提交预订的确认页面/信息里可找到，发给客服即可锁定资格。,,,,,待确认
,可以预约到店时间吗？,Can I make an appointment for in-store time?,私域侧活动,Yes. Tell customer service your preferred visit time. We can help reserve stock for you and reduce waiting time.,可以，把方便的时间告诉客服，帮你留货、减少排队。,,,,,待确认
,到店立减券是什么？怎么用？,What is an in-store discount coupon? How to use it?,私域侧活动,"It is an in-store purchase discount coupon in the form of a coupon code.

When you visit the store, show the coupon code to the staff to deduct [coupon amount].",是一张到店购机抵扣券（券码形式）；到店时把券码报给店员，即可抵扣 [立减券面额]。,,,,,待确认
,券码可以转给别人吗？,Can the voucher code be transferred to others?,私域侧活动,"No. The coupon code cannot be transferred.

Each code can be used only once, is bound to the original user, and will expire after the validity period.",不可以，券码一码一用、绑定本人，过期作废。,,,,,待确认
,邀请好友有什么好处？,What are the benefits of inviting friends?,私域侧活动,"Share your exclusive link with a friend.

After your friend buys HOT 70 Pro and completes in-store pickup, both you and your friend can each receive a coupon.",把专属链接发给朋友，朋友买 HOT70 Pro 并到店提机后，你和朋友都能各得一张券。,,,,,待确认
,什么时候开奖？,When will the lottery draw be held?,私域侧活动,"The winner will be announced on July 20, 2026.",2026 年 7 月 20 日开奖。,,,,,待确认
,怎么开奖？公平吗？,How is the lottery drawn? Is it fair?,私域侧活动,"The organizer will randomly select 1 winner from all qualified entries in the backend.

The process will be open and transparent, such as through screen recording or public announcement.",主办方在后台从所有合格名额中随机抽取 1 名，全程公开透明（录屏/公示）。,,,,,待确认
,中奖后怎么领奖？,How to claim the prize after winning?,私域侧活动,"After receiving the winner notification, please reply within the required time and cooperate with identity and purchase proof verification.

The reimbursement prize will then be refunded to you.",收到通知后在规定时间内回复确认，并配合核验身份与购机凭证，免单款将退还给你。,,,,,待确认
,中奖后退货还能拿免单吗？,Can I still get a free order if I return the product after winning the prize?,私域侧活动,"No. If the purchase becomes invalid because of return or refund after winning, the winner qualification will be cancelled and the reward will be recovered.",不能。中奖后若退货/退款致购买不成立，将取消中奖资格并追回奖励。,,,,,待确认
,线上免单活动是真的吗？会不会是骗人的？,Is the online free order activity real? Could it be a scam?,私域侧活动,"Yes. The online purchase reimbursement campaign is an official campaign, and the winner announcement will be open and transparent.",线上免单是官方活动，开奖公开透明。,,,,,待确认
,HOT 70 Pro 的 RAM 和存储是多少？,What is the RAM and storage of the HOT 70 Pro?,HOT 70 Pro 商品信息,HOT 70 Pro 5G comes with 8GB RAM + 128GB storage. It also supports virtual RAM expansion for smoother multitasking.,HOT 70 Pro 5G 配备 8GB RAM + 128GB 存储空间，还支持虚拟内存扩展，实现更流畅的多任务处理。,,否,,,已确认
,HOT 70 Pro 屏幕多大？分辨率多少？,What is the screen size of the HOT 70 Pro? What is its resolution?,HOT 70 Pro 商品信息,HOT 70 Pro 5G features a large display with 144Hz high refresh rate and 960 nits peak brightness for an immersive viewing experience. ,HOT 70 Pro 5G 配备大屏，支持 144Hz 高刷新率和 960 尼特峰值亮度，带来沉浸式视觉体验。,,视情况,User inquiries about specific size parameters or resolution values should be transferred to a human agent.,用户询问具体尺寸参数、分辨率数值时转人工。,已确认
,充电功率多大？充满要多久？,What is the charging power? How long does it take to fully charge?,HOT 70 Pro 商品信息,HOT 70 Pro 5G comes with a 6000mAh battery with fast charging support. ,HOT 70 Pro 5G 配备 6000mAh 电池，支持快速充电。,,视情况,User inquiries about specific wattage or charging time should be transferred to a human agent.,用户询问具体瓦数、充电时长时转人工。,已确认
,出厂系统版本是什么？支持 Google 服务吗？,What is the factory system version? Does it support Google services?,HOT 70 Pro 商品信息,"HOT 70 Pro 5G comes with the latest Android system and supports full Google Mobile Services (GMS), including Google Play Store, Gmail, YouTube, and more. It also receives 3 years of OS updates and 5 years of security updates.",HOT 70 Pro 5G 搭载最新 Android 系统，完全支持 Google 移动服务（GMS），包括 Google Play 商店、Gmail、YouTube 等。同时享有 3 年系统更新和 5 年安全更新。,,否,,,已确认
,保修期多长？,How long is the warranty period?,官方身份说明,HOT 70 Pro 5G comes with a standard 1-year manufacturer warranty covering hardware defects. Accessories may have separate warranty terms. ,HOT 70 Pro 5G 享有标准 1 年制造商保修，涵盖硬件缺陷。配件可能有单独的保修条款。,,视情况,"User inquiries about specific warranty coverage, accessory warranty, or extended warranty should be transferred to a human agent.",用户询问具体保修范围、配件保修、延保时转人工。,已确认
,售后服务中心在哪里？,Where is the after-sales service center?,门店信息,"Infinix has authorized service centers across major cities. To find the nearest service center, tap ""Find a Store"" or send us your location via WhatsApp and we'll help you locate the closest one!
https://hk-paas.transsion.com/cmp-campaign-h5/hot70/view/online","Infinix 在各大城市均设有授权服务中心。要查找最近的服务中心，请点击""查找门店""或通过 WhatsApp 发送您的位置，我们将帮助您找到最近的服务网点！
https://hk-paas.transsion.com/cmp-campaign-h5/hot70/view/online",,是,Coverage of service locations in the specific city needs to be confirmed.,需确认具体城市服务网点覆盖。,已确认
,手机出问题怎么办？,What should I do if my phone has a problem?,官方身份说明,"If you experience any issues with your HOT 70 Pro 5G, please visit any authorized Infinix service center with your device and proof of purchase. Our after-sales team will assist you with diagnosis and repair under warranty. ",如果您的 HOT 70 Pro 5G 出现任何问题，请携带设备和购买凭证前往任何 Infinix 授权服务中心。我们的售后团队将在保修范围内为您提供诊断和维修服务。,,视情况,"Hardware issues that cannot be resolved remotely, or warranty disputes, should be transferred to a human agent.",远程无法解决的硬件故障、保修争议时转人工。,已确认
,门店支持哪些付款方式？,What payment methods are supported in the store?,活动规则,"Payment methods may vary by store. Most Infinix stores accept cash, bank card, and mobile financial services (e.g., bKash, Nagad). For specific payment options at your selected store, please contact support or visit the store directly.",付款方式因门店而异。大多数 Infinix 门店接受现金、银行卡和移动金融服务（如 bKash、Nagad）。如需了解您所选择门店的具体付款方式，请联系客服或直接到店咨询。,,视情况,Transfer to a human agent when the user asks about payment methods supported by a specific store or when payment fails.,用户询问特定门店支持的付款方式、支付失败时转人工。,已确认
,支持送货上门吗？,Do you support home delivery?,提机规则,"Currently, pre-orders require in-store pickup at your selected Infinix store. Home delivery is not available for pre-order bookings. Please visit your selected store during the pickup period (July 13–19) to collect your device.",目前预购需要在所选 Infinix 门店到店取货。预购暂不支持送货上门。请在取货期（7月13日–19日）前往所选门店领取设备。,,否,,,待确认
,预购福利和免单活动能同时参加吗？,Can pre-order benefits and free order activities be participated in at the same time?,私域侧活动,"Yes! The pre-order benefits and the online purchase reimbursement lucky draw are separate campaigns. If you pre-order HOT 70 Pro, complete pickup, and submit the required proof during the campaign period, you can enjoy both pre-order gifts and enter the reimbursement lucky draw. ",可以！预购福利和线上免单抽奖是两个独立活动。如果您预购 HOT 70 Pro、完成提机并在活动期间提交所需凭证，您可以同时享受预购赠品并参与免单抽奖。,,否,,,待确认
,HOT 70 Pro 和其他 Infinix 手机有什么区别？,What is the difference between the HOT 70 Pro and other Infinix phones?,HOT 70 Pro 商品信息,"HOT 70 Pro 5G is our latest flagship-level device featuring 144Hz display, SONY camera system, IP68/IP69 protection, 6000mAh battery, color-changing design, and DIY Cube LED. ",HOT 70 Pro 5G 是我们最新的旗舰级设备，配备 144Hz 显示屏、索尼影像系统、IP68/IP69 防护、6000mAh 电池、变色设计和 DIY 立方体 LED。,,视情况,Transfer to a human agent when the user needs detailed parameter comparisons or purchase advice.,用户需要详细参数对比、选购建议时转人工。,已确认
,预订后能修改手机号吗？,Can I change the phone number after booking?,活动规则,"If you need to update your registered phone number after pre-ordering, please provide your booking confirmation code. Our team will assist you with the update.",如果您在预订后需要修改注册手机号，请提供预订确认码，我们的团队将协助您更新。,,是,Modifying registration information requires manual handling.,修改注册信息需人工处理。,已确认
,怎么查我的预订状态？,How can I check my booking status?,活动规则,"To check your pre-order status, please provide your booking confirmation code. We'll verify your reservation details for you.",如需查询预订状态，请提供预订确认码，我们将为您核实预订信息。,,是,Backend reservation records need to be manually checked.,需人工查询后台预订记录。,已确认
,门店营业时间是什么？,What are the store hours?,门店信息,"Store hours may vary by location. Most Infinix stores are open from 10:00 AM to 9:00 PM. For the exact opening hours of your selected store, please tap ""Find a Store"" .","门店营业时间因地点而异。大多数 Infinix 门店营业时间为上午 10:00 至晚上 9:00。如需了解您所选择门店的确切营业时间，请点击""查找门店""。
https://hk-paas.transsion.com/cmp-campaign-h5/hot70/view/online",,视情况,Transfer to a human agent when the user asks about the business hours of a specific store.,用户询问特定门店营业时间时转人工。,已确认
,我去线下提机了啊，为什么说我无法提机,I went to the offline store to pick up the phone. Why does it say that I’m unable to pick it up?,提机规则,,,Depends on the situation,,,,
,我为啥没办法核销hot 70 啊，店员说核销老是失败呢,Why can’t I redeem the Hot 70? The store staff said the redemption keeps failing.,提机规则,,,Depends on the situation,,,,
,我定的是 128+8，现在想换其他型号的，能不能换？,"I ordered the 128GB + 8GB version, but now I want to switch to another model. Is that possible?",提机规则,,,Depends on the situation,,,,
,送的手表是提机的时候就给我吗,Will the free watch be given to me when I pick up the phone?,活动权益,,,Depends on the situation,,,,
,这个送的手表是啥品牌和型号呢，不会是假的吧,"What brand and model is the free watch? It’s not fake, right?",活动权益,,,Depends on the situation,,,,
,如果我今天不能提机，能不能让家人代提？需要带什么材料？,"If I can’t pick up the phone today, can a family member pick it up on my behalf? What documents/materials are required?",提机规则,,,Depends on the situation,,,,
,门店说活动结束了，但我是在活动期内下单的，还能不能提？,"The store said the promotion has ended, but I placed my order during the promotional period. Can I still pick it up?",提机规则,,,Depends on the situation,,,,
,为什么别人同一门店能提，我不能提？资格规则到底是什么？,"Why can others make purchases at the same store, but I can't? What exactly are the eligibility rules?",提机规则,,,Depends on the situation,,,,
,门店让我换另一个手机号核销，这样会不会影响我的赠品？,The store asked me to use a different phone number for verification. Will this affect my gift?,活动权益,,,Depends on the situation,,,,
,核销时显示型号不匹配，但我预约的就是这个型号啊,"It showed a model mismatch during verification, but this is the model I booked.",提机规则,,,Depends on the situation,,,,
,门店说手表没货，让我等，我可以换其他赠品？,The store said the watch was out of stock and asked me to wait. Can I exchange it for another free gift?,活动权益,,,Depends on the situation,,,,
,我不想买了，取消后多久能退我定金？会不会影响我以后参与活动？,I don't want to buy it anymore. How long will it take to get my deposit back after I cancel? Will it affect my ability to participate in future promotions?,活动规则,,,Depends on the situation,,,,
,你们说可以换，门店说不行，那我该听谁的？,"You say it can be exchanged, but the store says it can't. So who should I listen to?",活动规则,,,Depends on the situation,,,,
,这个价格有点贵啊，多送点赠品吧,"This price is a bit high, please include more free gifts.",活动权益,,,Depends on the situation,,,,
,请问你们招人吗，我有个孩子要养,Are you hiring? I have a child to raise.,无关消息,,,Depends on the situation,,,,
,滚蛋,Get lost,无关消息,,,Depends on the situation,,,,
,你说的是什么我根本不懂,I don't understand what you're saying at all.,无关消息,,,Depends on the situation,,,,
,方便语音聊天嘛，我不想打字,Is it convenient to use voice chat? I don't want to type.,,,,Depends on the situation,,,,
,你说过会给我开发票,You said you would issue me an invoice.,,,,Depends on the situation,,,,
,骗子,Scammer / Fraud,无关消息,,,Depends on the situation,,,,
,我不在门店附近，我可以叫我朋友来帮我拿吗,I’m not near the store. Can I ask my friend to pick it up for me?,提机规则,,,Depends on the situation,,,,
,分期利息太高了买不起,"The installment interest is too high, I can’t afford it",,,,Depends on the situation,,,,
,请问可以砍价吗,Can I bargain / negotiate the price?,,,,Depends on the situation,,,,
,（用户直接丢其他链接、视频 不回复）,(User directly shares other links/videos without replying),无关消息,,,Depends on the situation,,,,
,我会预订但是你能不能先关注我的FB、IG,"I will book, but can you follow my FB/IG first?",,,,Depends on the situation,,,,
,小B商家自动欢迎语,Small B-merchant auto welcome message,无关消息,,,Depends on the situation,,,,
,请问我是和人聊天还是AI？,Am I chatting with a human or AI?,,,,Depends on the situation,,,,
,"国外版砍一刀I received ₦450,000 , you should try it too, it's very easy!
https://myppu.buzz/FbOPwO/ng-en?0705563303645259897&s=wa&
留","
“Overseas ‘bargain scam’: I received ₦450,000…” (Phishing link alert!)",无关消息,,,Depends on the situation,,,,
,"*Auto Reply* 
Hey there! I am using Whatauto App.","""*Auto Reply* 
Hey there! I am using Whatauto App.""",无关消息,,,Depends on the situation,,,,
,我会炸了你全家 阿门,I will blow up your whole family. Amen.,无关消息,,,Depends on the situation,,,,
,我之前和你们店有过很多合作，,"I have had a lot of cooperation with your store before,",,,,Depends on the situation,,,,
,我一年在你们店买了50多件商品了,I bought more than 50 products from your store in one year.,,,,Depends on the situation,,,,
,我去年在你们这里买的手机屏幕碎了，我可以用他来换HOT70嘛,The phone I bought from you last year has a broken screen. Can I trade it in for a HOT 70?,,,,Depends on the situation,,,,
,等我下班再来,I will come after I get off work.,,,,Depends on the situation,,,,
,发色情表情包,Send pornographic stickers.,无关消息,,,Depends on the situation,,,,
,为什么你得英语那么塑料,Why is your English so bad?,无关消息,,,Depends on the situation,,,,
,我意思是你说的都是废话对我没用,I mean what you said is all nonsense and useless to me.,无关消息,,,Depends on the situation,,,,
,Ur father and ur family mumu,Ur father and ur family mumu,无关消息,,,Depends on the situation,,,,
,我是学生这个月还有考试,I am a student and I still have exams this month.,,,,Depends on the situation,,,,
,先生，请问你的名字是什么？我好跟他说明是你这边过来咨询的。,"Sir, may I ask your name? So I can explain to him that you came to inquire from your side.",,,,Depends on the situation,,,,
,到时候等我有周转资金再入手。,I will buy it when I have more working capital.,,,,Depends on the situation,,,,
