用例ID,用例名称,执行步骤,预期结果,转人工预期,转人工触发条件,测试目标,前置条件,测试数据,测试数据（英文提问）,来源分类,执行结果,缺陷记录,是否使用新会话,实际回复内容（英文）,知识库是否命中,回复是否准确,意图标签是否准确,实际识别的意图标签,转人工时机是否准确,备注
TC-H70-001-N,[HOT 70 Pro 商品信息] HOT70 Pro 5G有哪些配置？【标准问答场景】,步骤1：开启新的WhatsApp会话。步骤2：发送测试问题：“HOT70 Pro 5G有哪些配置？”。步骤3：核对机器人识别的业务场景是否为“HOT 70 Pro 商品信息”。步骤4：等待机器人完整回复并核对核心事实。步骤5：确认回复未增加知识库之外的信息。步骤6：确认本轮未错误触发人工转接。,"HOT 70 Pro 5G 主要规格：
? 显示屏：144Hz 高刷新率，960 尼特亮度
? 相机：索尼影像系统
? 电池：6000mAh 带快速充电
? 防护：IP68/IP69 防水防尘
? 操作系统：3 年系统更新 + 5 年安全更新
? 特色：变色背部设计 + DIY 立方体 LED
? 颜色：4 种变色水晶版本

验收要求：核心事实正确、关键信息完整、无知识库外编造；标准咨询场景下不应触发人工转接。",否,无（标准咨询场景）,验证意图分类、知识命中、回答准确性及错误转人工控制,1) 已接入Hot70 WhatsApp机器人；2) 测试账号可正常收发消息；3) 使用与上线一致的知识库、Prompt和模型配置；4) 可查看会话日志或Trace。,HOT70 Pro 5G有哪些配置？,What are the specifications of the HOT 70 Pro 5G?,,,,,,,,,,,
TC-H70-001-H-C01,[HOT 70 Pro 商品信息] HOT70 Pro 5G有哪些配置？【条件式转人工场景：涉及价格不确定】,步骤1：先执行关联标准用例“TC-H70-001-N”，并保持该WhatsApp会话不关闭。步骤2：在同一会话中继续发送更贴近真实客户的追问：“这个价格是固定的吗？我去门店会不会又是另一个价？”。步骤3：核对机器人能结合前序问题识别当前触发条件“涉及价格不确定”。步骤4：观察系统是否按规则触发人工转接，并核对转接话术是否与当前问题相关。步骤5：确认机器人没有机械重复标准答案，也没有编造处理结果。,机器人应结合上下文识别“涉及价格不确定”场景，停止继续给出确定性业务结论并触发人工转接；转接前话术应与当前问题相关。,是,涉及价格不确定,验证多轮上下文理解、条件式转人工召回及转接话术相关性,1) 先新建会话并完成“TC-H70-001-N”；2) 机器人已给出标准回答；3) 当前仍保持同一会话；4) 尚未发生人工接管。,这个价格是固定的吗？我去门店会不会又是另一个价？,"Is this price fixed, or could the store give me a different price?",,,,,,,,,,,
TC-H70-001-H-C02,[HOT 70 Pro 商品信息] HOT70 Pro 5G有哪些配置？【条件式转人工场景：商品状态变化】,步骤1：先执行关联标准用例“TC-H70-001-N”，并保持该WhatsApp会话不关闭。步骤2：在同一会话中继续发送更贴近真实客户的追问：“门店说这款现在可能没货了，那我还能拿到吗？”。步骤3：核对机器人能结合前序问题识别当前触发条件“商品状态变化”。步骤4：观察系统是否按规则触发人工转接，并核对转接话术是否与当前问题相关。步骤5：确认机器人没有机械重复标准答案，也没有编造处理结果。,机器人应结合上下文识别“商品状态变化”场景，停止继续给出确定性业务结论并触发人工转接；转接前话术应与当前问题相关。,是,商品状态变化,验证多轮上下文理解、条件式转人工召回及转接话术相关性,1) 先新建会话并完成“TC-H70-001-N”；2) 机器人已给出标准回答；3) 当前仍保持同一会话；4) 尚未发生人工接管。,门店说这款现在可能没货了，那我还能拿到吗？,The store says this model might be out of stock now. Will I still be able to get it?,,,,,,,,,,,
TC-H70-001-H-C03,[HOT 70 Pro 商品信息] HOT70 Pro 5G有哪些配置？【条件式转人工场景：特殊报价】,步骤1：先执行关联标准用例“TC-H70-001-N”，并保持该WhatsApp会话不关闭。步骤2：在同一会话中继续发送更贴近真实客户的追问：“如果我今天去店里买，价格还能再便宜一点吗？”。步骤3：核对机器人能结合前序问题识别当前触发条件“特殊报价”。步骤4：观察系统是否按规则触发人工转接，并核对转接话术是否与当前问题相关。步骤5：确认机器人没有机械重复标准答案，也没有编造处理结果。,机器人应结合上下文识别“特殊报价”场景，停止继续给出确定性业务结论并触发人工转接；转接前话术应与当前问题相关。,是,特殊报价,验证多轮上下文理解、条件式转人工召回及转接话术相关性,1) 先新建会话并完成“TC-H70-001-N”；2) 机器人已给出标准回答；3) 当前仍保持同一会话；4) 尚未发生人工接管。,如果我今天去店里买，价格还能再便宜一点吗？,Can I get a lower price if I buy it in the store today?,,,,,,,,,,,
TC-H70-002-N,[活动规则] 预订HOT 70 Pro的活动怎么参加？【标准问答场景】,步骤1：开启新的WhatsApp会话。步骤2：发送测试问题：“预订HOT 70 Pro的活动怎么参加？”。步骤3：核对机器人识别的业务场景是否为“活动规则”。步骤4：等待机器人完整回复并核对核心事实。步骤5：确认回复未增加知识库之外的信息。步骤6：确认本轮未错误触发人工转接。,"如何预购HOT 70 Pro 5G：
1?? 扫描预购二维码或访问活动页面
2?? 填写您的详细信息（姓名、电话号码）
3?? 输入验证码
4?? 选择您偏好的门店和取货时间
5?? 确认您的预订——您将收到取货码！

? 预购期：7月8日–12日
? 预购福利已上线——不要错过！

验收要求：核心事实正确、关键信息完整、无知识库外编造；标准咨询场景下不应触发人工转接。",否,无（标准咨询场景）,验证意图分类、知识命中、回答准确性及错误转人工控制,1) 已接入Hot70 WhatsApp机器人；2) 测试账号可正常收发消息；3) 使用与上线一致的知识库、Prompt和模型配置；4) 可查看会话日志或Trace。,预订HOT 70 Pro的活动怎么参加？,How do I join the HOT 70 Pro pre-order event?,,,,,,,,,,,
TC-H70-002-H-C01,[活动规则] 预订HOT 70 Pro的活动怎么参加？【条件式转人工场景：用户预订失败】,步骤1：先执行关联标准用例“TC-H70-002-N”，并保持该WhatsApp会话不关闭。步骤2：在同一会话中继续发送更贴近真实客户的追问：“我都填完了，最后还是显示预订失败，怎么回事？”。步骤3：核对机器人能结合前序问题识别当前触发条件“用户预订失败”。步骤4：观察系统是否按规则触发人工转接，并核对转接话术是否与当前问题相关。步骤5：确认机器人没有机械重复标准答案，也没有编造处理结果。,机器人应结合上下文识别“用户预订失败”场景，停止继续给出确定性业务结论并触发人工转接；转接前话术应与当前问题相关。,是,用户预订失败,验证多轮上下文理解、条件式转人工召回及转接话术相关性,1) 先新建会话并完成“TC-H70-002-N”；2) 机器人已给出标准回答；3) 当前仍保持同一会话；4) 尚未发生人工接管。,我都填完了，最后还是显示预订失败，怎么回事？,"I filled everything in, but it still says the pre-order failed. What happened?",,,,,,,,,,,
TC-H70-002-H-C02,[活动规则] 预订HOT 70 Pro的活动怎么参加？【条件式转人工场景：入口打不开】,步骤1：先执行关联标准用例“TC-H70-002-N”，并保持该WhatsApp会话不关闭。步骤2：在同一会话中继续发送更贴近真实客户的追问：“那个预订链接一直打不开。”。步骤3：核对机器人能结合前序问题识别当前触发条件“入口打不开”。步骤4：观察系统是否按规则触发人工转接，并核对转接话术是否与当前问题相关。步骤5：确认机器人没有机械重复标准答案，也没有编造处理结果。,机器人应结合上下文识别“入口打不开”场景，停止继续给出确定性业务结论并触发人工转接；转接前话术应与当前问题相关。,是,入口打不开,验证多轮上下文理解、条件式转人工召回及转接话术相关性,1) 先新建会话并完成“TC-H70-002-N”；2) 机器人已给出标准回答；3) 当前仍保持同一会话；4) 尚未发生人工接管。,那个预订链接一直打不开。,The pre-order link just won't open.,,,,,,,,,,,
TC-H70-002-H-C03,[活动规则] 预订HOT 70 Pro的活动怎么参加？【条件式转人工场景：流程异常】,步骤1：先执行关联标准用例“TC-H70-002-N”，并保持该WhatsApp会话不关闭。步骤2：在同一会话中继续发送更贴近真实客户的追问：“填到验证码那一步就卡住了，后面进不去。”。步骤3：核对机器人能结合前序问题识别当前触发条件“流程异常”。步骤4：观察系统是否按规则触发人工转接，并核对转接话术是否与当前问题相关。步骤5：确认机器人没有机械重复标准答案，也没有编造处理结果。,机器人应结合上下文识别“流程异常”场景，停止继续给出确定性业务结论并触发人工转接；转接前话术应与当前问题相关。,是,流程异常,验证多轮上下文理解、条件式转人工召回及转接话术相关性,1) 先新建会话并完成“TC-H70-002-N”；2) 机器人已给出标准回答；3) 当前仍保持同一会话；4) 尚未发生人工接管。,填到验证码那一步就卡住了，后面进不去。,It gets stuck at the verification code step and won't go any further.,,,,,,,,,,,
TC-H70-003-N,[活动权益] 预订 HOT 70 Pro有什么福利？【标准问答场景】,步骤1：开启新的WhatsApp会话。步骤2：发送测试问题：“预订 HOT 70 Pro有什么福利？”。步骤3：核对机器人识别的业务场景是否为“活动权益”。步骤4：等待机器人完整回复并核对核心事实。步骤5：确认回复未增加知识库之外的信息。步骤6：确认本轮未错误触发人工转接。,"预购专属福利：
? 优先提货 — 抢先拥有HOT 70 Pro 5G
? 专属预购礼品（数量有限，赠完即止）
? 有机会赢取抽奖奖品
? 上市周期间的店内特别促销

前往离您最近的Infinix门店了解完整详情！

验收要求：核心事实正确、关键信息完整、无知识库外编造；标准咨询场景下不应触发人工转接。",否,无（标准咨询场景）,验证意图分类、知识命中、回答准确性及错误转人工控制,1) 已接入Hot70 WhatsApp机器人；2) 测试账号可正常收发消息；3) 使用与上线一致的知识库、Prompt和模型配置；4) 可查看会话日志或Trace。,预订 HOT 70 Pro有什么福利？,What benefits do I get for pre-ordering the HOT 70 Pro?,,,,,,,,,,,
TC-H70-003-H-C01,[活动权益] 预订 HOT 70 Pro有什么福利？【条件式转人工场景：用户询问特殊优惠】,步骤1：先执行关联标准用例“TC-H70-003-N”，并保持该WhatsApp会话不关闭。步骤2：在同一会话中继续发送更贴近真实客户的追问：“除了这些福利，还有没有别的折扣？”。步骤3：核对机器人能结合前序问题识别当前触发条件“用户询问特殊优惠”。步骤4：观察系统是否按规则触发人工转接，并核对转接话术是否与当前问题相关。步骤5：确认机器人没有机械重复标准答案，也没有编造处理结果。,机器人应结合上下文识别“用户询问特殊优惠”场景，停止继续给出确定性业务结论并触发人工转接；转接前话术应与当前问题相关。,是,用户询问特殊优惠,验证多轮上下文理解、条件式转人工召回及转接话术相关性,1) 先新建会话并完成“TC-H70-003-N”；2) 机器人已给出标准回答；3) 当前仍保持同一会话；4) 尚未发生人工接管。,除了这些福利，还有没有别的折扣？,Are there any other discounts besides these benefits?,,,,,,,,,,,
TC-H70-003-H-C02,[活动权益] 预订 HOT 70 Pro有什么福利？【条件式转人工场景：权益领取失败】,步骤1：先执行关联标准用例“TC-H70-003-N”，并保持该WhatsApp会话不关闭。步骤2：在同一会话中继续发送更贴近真实客户的追问：“活动页面说我没资格，但我明明已经预订了。”。步骤3：核对机器人能结合前序问题识别当前触发条件“权益领取失败”。步骤4：观察系统是否按规则触发人工转接，并核对转接话术是否与当前问题相关。步骤5：确认机器人没有机械重复标准答案，也没有编造处理结果。,机器人应结合上下文识别“权益领取失败”场景，停止继续给出确定性业务结论并触发人工转接；转接前话术应与当前问题相关。,是,权益领取失败,验证多轮上下文理解、条件式转人工召回及转接话术相关性,1) 先新建会话并完成“TC-H70-003-N”；2) 机器人已给出标准回答；3) 当前仍保持同一会话；4) 尚未发生人工接管。,活动页面说我没资格，但我明明已经预订了。,"The event page says I'm not eligible, but I've already pre-ordered.",,,,,,,,,,,
TC-H70-003-H-C03,[活动权益] 预订 HOT 70 Pro有什么福利？【条件式转人工场景：优惠是否可叠加】,步骤1：先执行关联标准用例“TC-H70-003-N”，并保持该WhatsApp会话不关闭。步骤2：在同一会话中继续发送更贴近真实客户的追问：“这个优惠能和门店的折扣一起用吗？”。步骤3：核对机器人能结合前序问题识别当前触发条件“优惠是否可叠加”。步骤4：观察系统是否按规则触发人工转接，并核对转接话术是否与当前问题相关。步骤5：确认机器人没有机械重复标准答案，也没有编造处理结果。,机器人应结合上下文识别“优惠是否可叠加”场景，停止继续给出确定性业务结论并触发人工转接；转接前话术应与当前问题相关。,是,优惠是否可叠加,验证多轮上下文理解、条件式转人工召回及转接话术相关性,1) 先新建会话并完成“TC-H70-003-N”；2) 机器人已给出标准回答；3) 当前仍保持同一会话；4) 尚未发生人工接管。,这个优惠能和门店的折扣一起用吗？,Can I use this offer together with the store discount?,,,,,,,,,,,
TC-H70-004-N,[门店信息] 哪里可以买/提HOT 70 Pro？【标准问答场景】,步骤1：开启新的WhatsApp会话。步骤2：发送测试问题：“哪里可以买/提HOT 70 Pro？”。步骤3：核对机器人识别的业务场景是否为“门店信息”。步骤4：等待机器人完整回复并核对核心事实。步骤5：确认回复未增加知识库之外的信息。步骤6：确认本轮未错误触发人工转接。,"HOT 70 Pro 5G已在全国1500多家Infinix门店发售，包括：
? Infinix品牌店（IBO）
? Infinix合作伙伴店（IBP）
? 授权KDM合作伙伴

点击“查找门店”，定位离您最近的Infinix门店！
[https://hk-paas.transsion.com/cmp-campaign-h5/hot70/view/online](https://hk-paas.transsion.com/cmp-campaign-h5/hot70/view/online)

验收要求：核心事实正确、关键信息完整、无知识库外编造；标准咨询场景下不应触发人工转接。",否,无（标准咨询场景）,验证意图分类、知识命中、回答准确性及错误转人工控制,1) 已接入Hot70 WhatsApp机器人；2) 测试账号可正常收发消息；3) 使用与上线一致的知识库、Prompt和模型配置；4) 可查看会话日志或Trace。,哪里可以买/提HOT 70 Pro？,Where can I buy or pick up the HOT 70 Pro?,,,,,,,,,,,
TC-H70-004-H-C01,[门店信息] 哪里可以买/提HOT 70 Pro？【条件式转人工场景：涉及实时库存】,步骤1：先执行关联标准用例“TC-H70-004-N”，并保持该WhatsApp会话不关闭。步骤2：在同一会话中继续发送更贴近真实客户的追问：“我现在过去的话，这家店还有现货吗？”。步骤3：核对机器人能结合前序问题识别当前触发条件“涉及实时库存”。步骤4：观察系统是否按规则触发人工转接，并核对转接话术是否与当前问题相关。步骤5：确认机器人没有机械重复标准答案，也没有编造处理结果。,机器人应结合上下文识别“涉及实时库存”场景，停止继续给出确定性业务结论并触发人工转接；转接前话术应与当前问题相关。,是,涉及实时库存,验证多轮上下文理解、条件式转人工召回及转接话术相关性,1) 先新建会话并完成“TC-H70-004-N”；2) 机器人已给出标准回答；3) 当前仍保持同一会话；4) 尚未发生人工接管。,我现在过去的话，这家店还有现货吗？,"If I go there now, does this store still have it in stock?",,,,,,,,,,,
TC-H70-004-H-C02,[门店信息] 哪里可以买/提HOT 70 Pro？【条件式转人工场景：门店异常】,步骤1：先执行关联标准用例“TC-H70-004-N”，并保持该WhatsApp会话不关闭。步骤2：在同一会话中继续发送更贴近真实客户的追问：“我选的那家店关门了，订单怎么办？”。步骤3：核对机器人能结合前序问题识别当前触发条件“门店异常”。步骤4：观察系统是否按规则触发人工转接，并核对转接话术是否与当前问题相关。步骤5：确认机器人没有机械重复标准答案，也没有编造处理结果。,机器人应结合上下文识别“门店异常”场景，停止继续给出确定性业务结论并触发人工转接；转接前话术应与当前问题相关。,是,门店异常,验证多轮上下文理解、条件式转人工召回及转接话术相关性,1) 先新建会话并完成“TC-H70-004-N”；2) 机器人已给出标准回答；3) 当前仍保持同一会话；4) 尚未发生人工接管。,我选的那家店关门了，订单怎么办？,The store I selected is closed. What happens to my order?,,,,,,,,,,,
TC-H70-004-H-C03,[门店信息] 哪里可以买/提HOT 70 Pro？【条件式转人工场景：城市未覆盖】,步骤1：先执行关联标准用例“TC-H70-004-N”，并保持该WhatsApp会话不关闭。步骤2：在同一会话中继续发送更贴近真实客户的追问：“列表里找不到我这个城市，是不是这里不能买？”。步骤3：核对机器人能结合前序问题识别当前触发条件“城市未覆盖”。步骤4：观察系统是否按规则触发人工转接，并核对转接话术是否与当前问题相关。步骤5：确认机器人没有机械重复标准答案，也没有编造处理结果。,机器人应结合上下文识别“城市未覆盖”场景，停止继续给出确定性业务结论并触发人工转接；转接前话术应与当前问题相关。,是,城市未覆盖,验证多轮上下文理解、条件式转人工召回及转接话术相关性,1) 先新建会话并完成“TC-H70-004-N”；2) 机器人已给出标准回答；3) 当前仍保持同一会话；4) 尚未发生人工接管。,列表里找不到我这个城市，是不是这里不能买？,My city isn't on the list. Does that mean I can't buy it here?,,,,,,,,,,,
TC-H70-004-H-C04,[门店信息] 哪里可以买/提HOT 70 Pro？【条件式转人工场景：具体门店确认】,步骤1：先执行关联标准用例“TC-H70-004-N”，并保持该WhatsApp会话不关闭。步骤2：在同一会话中继续发送更贴近真实客户的追问：“Gulshan 那家店可以提货吗？”。步骤3：核对机器人能结合前序问题识别当前触发条件“具体门店确认”。步骤4：观察系统是否按规则触发人工转接，并核对转接话术是否与当前问题相关。步骤5：确认机器人没有机械重复标准答案，也没有编造处理结果。,机器人应结合上下文识别“具体门店确认”场景，停止继续给出确定性业务结论并触发人工转接；转接前话术应与当前问题相关。,是,具体门店确认,验证多轮上下文理解、条件式转人工召回及转接话术相关性,1) 先新建会话并完成“TC-H70-004-N”；2) 机器人已给出标准回答；3) 当前仍保持同一会话；4) 尚未发生人工接管。,Gulshan 那家店可以提货吗？,Can I pick it up at the Gulshan store?,,,,,,,,,,,
TC-H70-005-N,[官方身份说明] 这个 WhatsApp 号是正规的吗？【标准问答场景】,步骤1：开启新的WhatsApp会话。步骤2：发送测试问题：“这个 WhatsApp 号是正规的吗？”。步骤3：核对机器人识别的业务场景是否为“官方身份说明”。步骤4：等待机器人完整回复并核对核心事实。步骤5：确认回复未增加知识库之外的信息。步骤6：确认本轮未错误触发人工转接。,"是的！这是官方的传音Infinix WhatsApp频道。我们是经过授权的传音Infinix服务团队。

? 通过我们渠道销售的所有产品均100%为正品
? 享有完整的制造商保修
? 可在任何传音Infinix服务中心获得售后支持

您可以在我们的网站和社交媒体页面上验证官方渠道。

验收要求：核心事实正确、关键信息完整、无知识库外编造；标准咨询场景下不应触发人工转接。",否,无（标准咨询场景）,验证意图分类、知识命中、回答准确性及错误转人工控制,1) 已接入Hot70 WhatsApp机器人；2) 测试账号可正常收发消息；3) 使用与上线一致的知识库、Prompt和模型配置；4) 可查看会话日志或Trace。,这个 WhatsApp 号是正规的吗？,Is this an official WhatsApp account?,,,,,,,,,,,
TC-H70-005-H-C01,[官方身份说明] 这个 WhatsApp 号是正规的吗？【条件式转人工场景：用户仍不信任或要求人工确认】,步骤1：先执行关联标准用例“TC-H70-005-N”，并保持该WhatsApp会话不关闭。步骤2：在同一会话中继续发送更贴近真实客户的追问：“你说是官方的，可这个号码为什么网上查不到？”。步骤3：核对机器人能结合前序问题识别当前触发条件“用户仍不信任或要求人工确认”。步骤4：观察系统是否按规则触发人工转接，并核对转接话术是否与当前问题相关。步骤5：确认机器人没有机械重复标准答案，也没有编造处理结果。,机器人应结合上下文识别“用户仍不信任或要求人工确认”场景，停止继续给出确定性业务结论并触发人工转接；转接前话术应与当前问题相关。,是,用户仍不信任或要求人工确认,验证多轮上下文理解、条件式转人工召回及转接话术相关性,1) 先新建会话并完成“TC-H70-005-N”；2) 机器人已给出标准回答；3) 当前仍保持同一会话；4) 尚未发生人工接管。,你说是官方的，可这个号码为什么网上查不到？,"You say this is official, but why can't I find this number online?",,,,,,,,,,,
TC-H70-005-H-C02,[官方身份说明] 这个 WhatsApp 号是正规的吗？【条件式转人工场景：可】,步骤1：先执行关联标准用例“TC-H70-005-N”，并保持该WhatsApp会话不关闭。步骤2：在同一会话中继续发送更贴近真实客户的追问：“这个号码看着还是有点可疑，真的安全吗？”。步骤3：核对机器人能结合前序问题识别当前触发条件“可”。步骤4：观察系统是否按规则触发人工转接，并核对转接话术是否与当前问题相关。步骤5：确认机器人没有机械重复标准答案，也没有编造处理结果。,机器人应结合上下文识别“可”场景，停止继续给出确定性业务结论并触发人工转接；转接前话术应与当前问题相关。,是,可,验证多轮上下文理解、条件式转人工召回及转接话术相关性,1) 先新建会话并完成“TC-H70-005-N”；2) 机器人已给出标准回答；3) 当前仍保持同一会话；4) 尚未发生人工接管。,这个号码看着还是有点可疑，真的安全吗？,This number still looks a bit suspicious. Is it really safe?,,,,,,,,,,,
TC-H70-006-N,[人工兜底规则] 预订失败了怎么办？【直接转人工场景】,步骤1：开启新的WhatsApp会话。步骤2：发送测试问题：“预订失败了怎么办？”。步骤3：核对机器人识别的业务场景是否为“人工兜底规则”。步骤4：确认机器人首轮触发人工转接，并给出清晰的转接提示。步骤5：确认机器人未继续承诺人工才能完成的业务操作。,机器人应识别为“人工兜底规则”，并直接触发人工转接。可发送简短承接话术，但不应声称已完成取消、修改、查询或协调等人工操作。,是,此类问题原则上进入人工兜底，并记录原因。,验证首轮意图识别及直接转人工召回,1) 已接入Hot70 WhatsApp机器人；2) 测试账号可正常收发消息；3) 使用与上线一致的知识库、Prompt和模型配置；4) 可查看会话日志或Trace。,预订失败了怎么办？,My pre-order failed. What should I do?,,,,,,,,,,,
TC-H70-007-N,[HOT 70 Pro 商品信息] HOT70 Pro 5G有哪些颜色？【标准问答场景】,步骤1：开启新的WhatsApp会话。步骤2：发送测试问题：“HOT70 Pro 5G有哪些颜色？”。步骤3：核对机器人识别的业务场景是否为“HOT 70 Pro 商品信息”。步骤4：等待机器人完整回复并核对核心事实。步骤5：确认回复未增加知识库之外的信息。步骤6：确认本轮未错误触发人工转接。,"HOT 70 Pro 5G 拥有 4 款令人惊艳的变色版本，搭载我们独家的水晶焕彩技术——背部在不同光线下会变色！夜潮、幻影绿、深蓝、热橙色。

验收要求：核心事实正确、关键信息完整、无知识库外编造；标准咨询场景下不应触发人工转接。",否,无（标准咨询场景）,验证意图分类、知识命中、回答准确性及错误转人工控制,1) 已接入Hot70 WhatsApp机器人；2) 测试账号可正常收发消息；3) 使用与上线一致的知识库、Prompt和模型配置；4) 可查看会话日志或Trace。,HOT70 Pro 5G有哪些颜色？,What colors does the HOT 70 Pro 5G come in?,,,,,,,,,,,
TC-H70-008-N,[HOT 70 Pro 商品信息] HOT70 Pro 支持 5G 吗？【标准问答场景】,步骤1：开启新的WhatsApp会话。步骤2：发送测试问题：“HOT70 Pro 支持 5G 吗？”。步骤3：核对机器人识别的业务场景是否为“HOT 70 Pro 商品信息”。步骤4：等待机器人完整回复并核对核心事实。步骤5：确认回复未增加知识库之外的信息。步骤6：确认本轮未错误触发人工转接。,"是的！HOT 70 Pro 5G 支持 5G 连接，可实现超快速浏览、流媒体和游戏体验。尽情享受更高级别的速度吧！

验收要求：核心事实正确、关键信息完整、无知识库外编造；标准咨询场景下不应触发人工转接。",否,无（标准咨询场景）,验证意图分类、知识命中、回答准确性及错误转人工控制,1) 已接入Hot70 WhatsApp机器人；2) 测试账号可正常收发消息；3) 使用与上线一致的知识库、Prompt和模型配置；4) 可查看会话日志或Trace。,HOT70 Pro 支持 5G 吗？,Does the HOT 70 Pro support 5G?,,,,,,,,,,,
TC-H70-009-N,[HOT 70 Pro 商品信息] HOT70 Pro 5G防水吗？【标准问答场景】,步骤1：开启新的WhatsApp会话。步骤2：发送测试问题：“HOT70 Pro 5G防水吗？”。步骤3：核对机器人识别的业务场景是否为“HOT 70 Pro 商品信息”。步骤4：等待机器人完整回复并核对核心事实。步骤5：确认回复未增加知识库之外的信息。步骤6：确认本轮未错误触发人工转接。,"是的！HOT 70 Pro 5G 拥有 IP68/IP69 防水防尘等级，能够从容应对雨水、泼溅和多尘环境。

验收要求：核心事实正确、关键信息完整、无知识库外编造；标准咨询场景下不应触发人工转接。",否,无（标准咨询场景）,验证意图分类、知识命中、回答准确性及错误转人工控制,1) 已接入Hot70 WhatsApp机器人；2) 测试账号可正常收发消息；3) 使用与上线一致的知识库、Prompt和模型配置；4) 可查看会话日志或Trace。,HOT70 Pro 5G防水吗？,Is the HOT 70 Pro 5G waterproof?,,,,,,,,,,,
TC-H70-010-N,[活动规则] 预订后下一步做什么？【标准问答场景】,步骤1：开启新的WhatsApp会话。步骤2：发送测试问题：“预订后下一步做什么？”。步骤3：核对机器人识别的业务场景是否为“活动规则”。步骤4：等待机器人完整回复并核对核心事实。步骤5：确认回复未增加知识库之外的信息。步骤6：确认本轮未错误触发人工转接。,"成功预订后，您将收到：
? 通过短信发送的取货确认码
? 取货日期前的提醒

取货当天，请携带确认码和有效身份证件前往您选择的门店，领取您的HOT 70 Pro 5G！

验收要求：核心事实正确、关键信息完整、无知识库外编造；标准咨询场景下不应触发人工转接。",否,无（标准咨询场景）,验证意图分类、知识命中、回答准确性及错误转人工控制,1) 已接入Hot70 WhatsApp机器人；2) 测试账号可正常收发消息；3) 使用与上线一致的知识库、Prompt和模型配置；4) 可查看会话日志或Trace。,预订后下一步做什么？,What happens after I place the pre-order?,,,,,,,,,,,
TC-H70-011-N,[活动权益] 支持分期付款吗？【标准问答场景】,步骤1：开启新的WhatsApp会话。步骤2：发送测试问题：“支持分期付款吗？”。步骤3：核对机器人识别的业务场景是否为“活动权益”。步骤4：等待机器人完整回复并核对核心事实。步骤5：确认回复未增加知识库之外的信息。步骤6：确认本轮未错误触发人工转接。,"是的！HOT 70 Pro 5G支持分期付款计划，可选0首付起。部分Infinix门店有售。请向店内工作人员咨询符合条件的计划详情！

验收要求：核心事实正确、关键信息完整、无知识库外编造；标准咨询场景下不应触发人工转接。",否,无（标准咨询场景）,验证意图分类、知识命中、回答准确性及错误转人工控制,1) 已接入Hot70 WhatsApp机器人；2) 测试账号可正常收发消息；3) 使用与上线一致的知识库、Prompt和模型配置；4) 可查看会话日志或Trace。,支持分期付款吗？,Can I pay in installments?,,,,,,,,,,,
TC-H70-011-H-C01,[活动权益] 支持分期付款吗？【条件式转人工场景：具体分期方案需门店确认】,步骤1：先执行关联标准用例“TC-H70-011-N”，并保持该WhatsApp会话不关闭。步骤2：在同一会话中继续发送更贴近真实客户的追问：“如果分12期，每个月大概要付多少？”。步骤3：核对机器人能结合前序问题识别当前触发条件“具体分期方案需门店确认”。步骤4：观察系统是否按规则触发人工转接，并核对转接话术是否与当前问题相关。步骤5：确认机器人没有机械重复标准答案，也没有编造处理结果。,机器人应结合上下文识别“具体分期方案需门店确认”场景，停止继续给出确定性业务结论并触发人工转接；转接前话术应与当前问题相关。,是,具体分期方案需门店确认,验证多轮上下文理解、条件式转人工召回及转接话术相关性,1) 先新建会话并完成“TC-H70-011-N”；2) 机器人已给出标准回答；3) 当前仍保持同一会话；4) 尚未发生人工接管。,如果分12期，每个月大概要付多少？,"If I pay over 12 months, roughly how much would it be per month?",,,,,,,,,,,
TC-H70-012-N,[提机规则] 提机需要带什么？【标准问答场景】,步骤1：开启新的WhatsApp会话。步骤2：发送测试问题：“提机需要带什么？”。步骤3：核对机器人识别的业务场景是否为“提机规则”。步骤4：等待机器人完整回复并核对核心事实。步骤5：确认回复未增加知识库之外的信息。步骤6：确认本轮未错误触发人工转接。,"领取您的HOT 70 Pro 5G时，请携带：
1?? 取货确认码（通过短信发送）
2?? 有效的政府签发身份证件

请确保您预订时使用的姓名与身份证件上的姓名一致。

验收要求：核心事实正确、关键信息完整、无知识库外编造；标准咨询场景下不应触发人工转接。",否,无（标准咨询场景）,验证意图分类、知识命中、回答准确性及错误转人工控制,1) 已接入Hot70 WhatsApp机器人；2) 测试账号可正常收发消息；3) 使用与上线一致的知识库、Prompt和模型配置；4) 可查看会话日志或Trace。,提机需要带什么？,What do I need to bring when I pick up the phone?,,,,,,,,,,,
TC-H70-013-N,[提机规则] 可以换门店提机吗？【直接转人工场景】,步骤1：开启新的WhatsApp会话。步骤2：发送测试问题：“可以换门店提机吗？”。步骤3：核对机器人识别的业务场景是否为“提机规则”。步骤4：确认机器人首轮触发人工转接，并给出清晰的转接提示。步骤5：确认机器人未继续承诺人工才能完成的业务操作。,机器人应识别为“提机规则”，并直接触发人工转接。可发送简短承接话术，但不应声称已完成取消、修改、查询或协调等人工操作。,是,门店变更需人工处理。,验证首轮意图识别及直接转人工召回,1) 已接入Hot70 WhatsApp机器人；2) 测试账号可正常收发消息；3) 使用与上线一致的知识库、Prompt和模型配置；4) 可查看会话日志或Trace。,可以换门店提机吗？,Can I change the store for pickup?,,,,,,,,,,,
TC-H70-014-N,[门店信息] 我所在的城市有门店吗？【直接转人工场景】,步骤1：开启新的WhatsApp会话。步骤2：发送测试问题：“我所在的城市有门店吗？”。步骤3：核对机器人识别的业务场景是否为“门店信息”。步骤4：确认机器人首轮触发人工转接，并给出清晰的转接提示。步骤5：确认机器人未继续承诺人工才能完成的业务操作。,机器人应识别为“门店信息”，并直接触发人工转接。可发送简短承接话术，但不应声称已完成取消、修改、查询或协调等人工操作。,是,需确认具体城市覆盖情况。,验证首轮意图识别及直接转人工召回,1) 已接入Hot70 WhatsApp机器人；2) 测试账号可正常收发消息；3) 使用与上线一致的知识库、Prompt和模型配置；4) 可查看会话日志或Trace。,我所在的城市有门店吗？,Is there a store in my city?,,,,,,,,,,,
TC-H70-015-N,[官方身份说明] HOT 70 Pro是正品吗？有保修吗？【标准问答场景】,步骤1：开启新的WhatsApp会话。步骤2：发送测试问题：“HOT 70 Pro是正品吗？有保修吗？”。步骤3：核对机器人识别的业务场景是否为“官方身份说明”。步骤4：等待机器人完整回复并核对核心事实。步骤5：确认回复未增加知识库之外的信息。步骤6：确认本轮未错误触发人工转接。,"当然！HOT 70 Pro 5G 是 100% 正品传音产品，具有：
? 完整的制造商保修
? 传音服务中心的官方售后服务
? 3 年操作系统更新 + 5 年安全更新

验收要求：核心事实正确、关键信息完整、无知识库外编造；标准咨询场景下不应触发人工转接。",否,无（标准咨询场景）,验证意图分类、知识命中、回答准确性及错误转人工控制,1) 已接入Hot70 WhatsApp机器人；2) 测试账号可正常收发消息；3) 使用与上线一致的知识库、Prompt和模型配置；4) 可查看会话日志或Trace。,HOT 70 Pro是正品吗？有保修吗？,"Is the HOT 70 Pro genuine, and does it come with a warranty?",,,,,,,,,,,
TC-H70-016-N,[人工兜底规则] 我想取消预订【直接转人工场景】,步骤1：开启新的WhatsApp会话。步骤2：发送测试问题：“我想取消预订”。步骤3：核对机器人识别的业务场景是否为“人工兜底规则”。步骤4：确认机器人首轮触发人工转接，并给出清晰的转接提示。步骤5：确认机器人未继续承诺人工才能完成的业务操作。,机器人应识别为“人工兜底规则”，并直接触发人工转接。可发送简短承接话术，但不应声称已完成取消、修改、查询或协调等人工操作。,是,取消预订需人工处理。,验证首轮意图识别及直接转人工召回,1) 已接入Hot70 WhatsApp机器人；2) 测试账号可正常收发消息；3) 使用与上线一致的知识库、Prompt和模型配置；4) 可查看会话日志或Trace。,我想取消预订,I want to cancel my pre-order.,,,,,,,,,,,
TC-H70-017-N,[人工兜底规则] 我要投诉/反馈问题【直接转人工场景】,步骤1：开启新的WhatsApp会话。步骤2：发送测试问题：“我要投诉/反馈问题”。步骤3：核对机器人识别的业务场景是否为“人工兜底规则”。步骤4：确认机器人首轮触发人工转接，并给出清晰的转接提示。步骤5：确认机器人未继续承诺人工才能完成的业务操作。,机器人应识别为“人工兜底规则”，并直接触发人工转接。可发送简短承接话术，但不应声称已完成取消、修改、查询或协调等人工操作。,是,直接进入人工。,验证首轮意图识别及直接转人工召回,1) 已接入Hot70 WhatsApp机器人；2) 测试账号可正常收发消息；3) 使用与上线一致的知识库、Prompt和模型配置；4) 可查看会话日志或Trace。,我要投诉/反馈问题,I want to make a complaint or report a problem.,,,,,,,,,,,
TC-H70-018-N,[人工兜底规则] 到店后无法提机【直接转人工场景】,步骤1：开启新的WhatsApp会话。步骤2：发送测试问题：“到店后无法提机”。步骤3：核对机器人识别的业务场景是否为“人工兜底规则”。步骤4：确认机器人首轮触发人工转接，并给出清晰的转接提示。步骤5：确认机器人未继续承诺人工才能完成的业务操作。,机器人应识别为“人工兜底规则”，并直接触发人工转接。可发送简短承接话术，但不应声称已完成取消、修改、查询或协调等人工操作。,是,直接进入人工，需协调门店。,验证首轮意图识别及直接转人工召回,1) 已接入Hot70 WhatsApp机器人；2) 测试账号可正常收发消息；3) 使用与上线一致的知识库、Prompt和模型配置；4) 可查看会话日志或Trace。,到店后无法提机,"I'm at the store, but I can't pick up the phone.",,,,,,,,,,,
TC-H70-019-N,[HOT 70 Pro 商品信息] HOT70 Pro 5G多少钱？【标准问答场景】,步骤1：开启新的WhatsApp会话。步骤2：发送测试问题：“HOT70 Pro 5G多少钱？”。步骤3：核对机器人识别的业务场景是否为“HOT 70 Pro 商品信息”。步骤4：等待机器人完整回复并核对核心事实。步骤5：确认回复未增加知识库之外的信息。步骤6：确认本轮未错误触发人工转接。,"HOT 70 Pro 5G 128GB+8GB 售价为 BDT 36,999。

线上预订免费。在线提交信息后，请前往您选择的 Infinix 门店线下支付 BDT 5,000 订金并确认预订。

如果已支付 BDT 5,000 订金，提机时需支付剩余尾款 BDT 31,999。

验收要求：核心事实正确、关键信息完整、无知识库外编造；标准咨询场景下不应触发人工转接。",否,无（标准咨询场景）,验证意图分类、知识命中、回答准确性及错误转人工控制,1) 已接入Hot70 WhatsApp机器人；2) 测试账号可正常收发消息；3) 使用与上线一致的知识库、Prompt和模型配置；4) 可查看会话日志或Trace。,HOT70 Pro 5G多少钱？,How much is the HOT 70 Pro 5G?,,,,,,,,,,,
TC-H70-019-H-C01,[HOT 70 Pro 商品信息] HOT70 Pro 5G多少钱？【条件式转人工场景：门店报价不一致】,"步骤1：先执行关联标准用例“TC-H70-019-N”，并保持该WhatsApp会话不关闭。步骤2：在同一会话中继续发送更贴近真实客户的追问：“门店跟我说是 38,999，不是你说的 36,999。”。步骤3：核对机器人能结合前序问题识别当前触发条件“门店报价不一致”。步骤4：观察系统是否按规则触发人工转接，并核对转接话术是否与当前问题相关。步骤5：确认机器人没有机械重复标准答案，也没有编造处理结果。",机器人应结合上下文识别“门店报价不一致”场景，停止继续给出确定性业务结论并触发人工转接；转接前话术应与当前问题相关。,是,门店报价不一致,验证多轮上下文理解、条件式转人工召回及转接话术相关性,1) 先新建会话并完成“TC-H70-019-N”；2) 机器人已给出标准回答；3) 当前仍保持同一会话；4) 尚未发生人工接管。,"门店跟我说是 38,999，不是你说的 36,999。","The store told me it's BDT 38,999, not BDT 36,999.",,,,,,,,,,,
TC-H70-019-H-C02,[HOT 70 Pro 商品信息] HOT70 Pro 5G多少钱？【条件式转人工场景：特殊价格】,步骤1：先执行关联标准用例“TC-H70-019-N”，并保持该WhatsApp会话不关闭。步骤2：在同一会话中继续发送更贴近真实客户的追问：“两台一起买能不能给个便宜点的价格？”。步骤3：核对机器人能结合前序问题识别当前触发条件“特殊价格”。步骤4：观察系统是否按规则触发人工转接，并核对转接话术是否与当前问题相关。步骤5：确认机器人没有机械重复标准答案，也没有编造处理结果。,机器人应结合上下文识别“特殊价格”场景，停止继续给出确定性业务结论并触发人工转接；转接前话术应与当前问题相关。,是,特殊价格,验证多轮上下文理解、条件式转人工召回及转接话术相关性,1) 先新建会话并完成“TC-H70-019-N”；2) 机器人已给出标准回答；3) 当前仍保持同一会话；4) 尚未发生人工接管。,两台一起买能不能给个便宜点的价格？,Can I get a better price if I buy two phones?,,,,,,,,,,,
TC-H70-019-H-C03,[HOT 70 Pro 商品信息] HOT70 Pro 5G多少钱？【条件式转人工场景：优惠叠加】,步骤1：先执行关联标准用例“TC-H70-019-N”，并保持该WhatsApp会话不关闭。步骤2：在同一会话中继续发送更贴近真实客户的追问：“我已经有门店券了，这个活动优惠还能一起用吗？”。步骤3：核对机器人能结合前序问题识别当前触发条件“优惠叠加”。步骤4：观察系统是否按规则触发人工转接，并核对转接话术是否与当前问题相关。步骤5：确认机器人没有机械重复标准答案，也没有编造处理结果。,机器人应结合上下文识别“优惠叠加”场景，停止继续给出确定性业务结论并触发人工转接；转接前话术应与当前问题相关。,是,优惠叠加,验证多轮上下文理解、条件式转人工召回及转接话术相关性,1) 先新建会话并完成“TC-H70-019-N”；2) 机器人已给出标准回答；3) 当前仍保持同一会话；4) 尚未发生人工接管。,我已经有门店券了，这个活动优惠还能一起用吗？,I already have a store voucher. Can I use this event offer as well?,,,,,,,,,,,
TC-H70-019-H-C04,[HOT 70 Pro 商品信息] HOT70 Pro 5G多少钱？【条件式转人工场景：价格争议】,步骤1：先执行关联标准用例“TC-H70-019-N”，并保持该WhatsApp会话不关闭。步骤2：在同一会话中继续发送更贴近真实客户的追问：“我已经付钱了，门店又让我多交一笔。”。步骤3：核对机器人能结合前序问题识别当前触发条件“价格争议”。步骤4：观察系统是否按规则触发人工转接，并核对转接话术是否与当前问题相关。步骤5：确认机器人没有机械重复标准答案，也没有编造处理结果。,机器人应结合上下文识别“价格争议”场景，停止继续给出确定性业务结论并触发人工转接；转接前话术应与当前问题相关。,是,价格争议,验证多轮上下文理解、条件式转人工召回及转接话术相关性,1) 先新建会话并完成“TC-H70-019-N”；2) 机器人已给出标准回答；3) 当前仍保持同一会话；4) 尚未发生人工接管。,我已经付钱了，门店又让我多交一笔。,"I've already paid, but the store is asking me for more money.",,,,,,,,,,,
TC-H70-020-N,[活动规则] 订金在哪里付【标准问答场景】,步骤1：开启新的WhatsApp会话。步骤2：发送测试问题：“订金在哪里付”。步骤3：核对机器人识别的业务场景是否为“活动规则”。步骤4：等待机器人完整回复并核对核心事实。步骤5：确认回复未增加知识库之外的信息。步骤6：确认本轮未错误触发人工转接。,"BDT 5,000 订金需要在线下所选 Infinix 门店支付。

前往门店时，请携带您的预订信息或确认码。

验收要求：核心事实正确、关键信息完整、无知识库外编造；标准咨询场景下不应触发人工转接。",否,无（标准咨询场景）,验证意图分类、知识命中、回答准确性及错误转人工控制,1) 已接入Hot70 WhatsApp机器人；2) 测试账号可正常收发消息；3) 使用与上线一致的知识库、Prompt和模型配置；4) 可查看会话日志或Trace。,订金在哪里付,Where do I pay the deposit?,,,,,,,,,,,
TC-H70-020-H-C01,[活动规则] 订金在哪里付【条件式转人工场景：用户询问具体门店付款方式】,步骤1：先执行关联标准用例“TC-H70-020-N”，并保持该WhatsApp会话不关闭。步骤2：在同一会话中继续发送更贴近真实客户的追问：“Bashundhara 那家店能用 bKash 付订金吗？”。步骤3：核对机器人能结合前序问题识别当前触发条件“用户询问具体门店付款方式”。步骤4：观察系统是否按规则触发人工转接，并核对转接话术是否与当前问题相关。步骤5：确认机器人没有机械重复标准答案，也没有编造处理结果。,机器人应结合上下文识别“用户询问具体门店付款方式”场景，停止继续给出确定性业务结论并触发人工转接；转接前话术应与当前问题相关。,是,用户询问具体门店付款方式,验证多轮上下文理解、条件式转人工召回及转接话术相关性,1) 先新建会话并完成“TC-H70-020-N”；2) 机器人已给出标准回答；3) 当前仍保持同一会话；4) 尚未发生人工接管。,Bashundhara 那家店能用 bKash 付订金吗？,Can I pay the deposit by bKash at the Bashundhara store?,,,,,,,,,,,
TC-H70-020-H-C02,[活动规则] 订金在哪里付【条件式转人工场景：收据】,步骤1：先执行关联标准用例“TC-H70-020-N”，并保持该WhatsApp会话不关闭。步骤2：在同一会话中继续发送更贴近真实客户的追问：“我交了订金，但是店里没给我收据。”。步骤3：核对机器人能结合前序问题识别当前触发条件“收据”。步骤4：观察系统是否按规则触发人工转接，并核对转接话术是否与当前问题相关。步骤5：确认机器人没有机械重复标准答案，也没有编造处理结果。,机器人应结合上下文识别“收据”场景，停止继续给出确定性业务结论并触发人工转接；转接前话术应与当前问题相关。,是,收据,验证多轮上下文理解、条件式转人工召回及转接话术相关性,1) 先新建会话并完成“TC-H70-020-N”；2) 机器人已给出标准回答；3) 当前仍保持同一会话；4) 尚未发生人工接管。,我交了订金，但是店里没给我收据。,"I paid the deposit, but the store didn't give me a receipt.",,,,,,,,,,,
TC-H70-020-H-C03,[活动规则] 订金在哪里付【条件式转人工场景：门店无法收款】,步骤1：先执行关联标准用例“TC-H70-020-N”，并保持该WhatsApp会话不关闭。步骤2：在同一会话中继续发送更贴近真实客户的追问：“我到店了，但店员说系统收不了订金。”。步骤3：核对机器人能结合前序问题识别当前触发条件“门店无法收款”。步骤4：观察系统是否按规则触发人工转接，并核对转接话术是否与当前问题相关。步骤5：确认机器人没有机械重复标准答案，也没有编造处理结果。,机器人应结合上下文识别“门店无法收款”场景，停止继续给出确定性业务结论并触发人工转接；转接前话术应与当前问题相关。,是,门店无法收款,验证多轮上下文理解、条件式转人工召回及转接话术相关性,1) 先新建会话并完成“TC-H70-020-N”；2) 机器人已给出标准回答；3) 当前仍保持同一会话；4) 尚未发生人工接管。,我到店了，但店员说系统收不了订金。,"I'm at the store, but they say the system can't take my deposit.",,,,,,,,,,,
TC-H70-021-N,[提机规则] 提机时还要付多少钱？【标准问答场景】,步骤1：开启新的WhatsApp会话。步骤2：发送测试问题：“提机时还要付多少钱？”。步骤3：核对机器人识别的业务场景是否为“提机规则”。步骤4：等待机器人完整回复并核对核心事实。步骤5：确认回复未增加知识库之外的信息。步骤6：确认本轮未错误触发人工转接。,"总价为 BDT 36,999。如果您已在门店支付 BDT 5,000 订金，提机时还需支付剩余 BDT 31,999。

最终付款金额请以所选门店确认为准。

验收要求：核心事实正确、关键信息完整、无知识库外编造；标准咨询场景下不应触发人工转接。",否,无（标准咨询场景）,验证意图分类、知识命中、回答准确性及错误转人工控制,1) 已接入Hot70 WhatsApp机器人；2) 测试账号可正常收发消息；3) 使用与上线一致的知识库、Prompt和模型配置；4) 可查看会话日志或Trace。,提机时还要付多少钱？,How much do I still need to pay when I pick up the phone?,,,,,,,,,,,
TC-H70-021-H-C01,[提机规则] 提机时还要付多少钱？【条件式转人工场景：用户已享受其他优惠】,"步骤1：先执行关联标准用例“TC-H70-021-N”，并保持该WhatsApp会话不关闭。步骤2：在同一会话中继续发送更贴近真实客户的追问：“我已经用了门店优惠，提机还要付 31,999 吗？”。步骤3：核对机器人能结合前序问题识别当前触发条件“用户已享受其他优惠”。步骤4：观察系统是否按规则触发人工转接，并核对转接话术是否与当前问题相关。步骤5：确认机器人没有机械重复标准答案，也没有编造处理结果。",机器人应结合上下文识别“用户已享受其他优惠”场景，停止继续给出确定性业务结论并触发人工转接；转接前话术应与当前问题相关。,是,用户已享受其他优惠,验证多轮上下文理解、条件式转人工召回及转接话术相关性,1) 先新建会话并完成“TC-H70-021-N”；2) 机器人已给出标准回答；3) 当前仍保持同一会话；4) 尚未发生人工接管。,"我已经用了门店优惠，提机还要付 31,999 吗？","I already used a store discount. Do I still need to pay BDT 31,999 at pickup?",,,,,,,,,,,
TC-H70-021-H-C02,[提机规则] 提机时还要付多少钱？【条件式转人工场景：门店金额不一致】,步骤1：先执行关联标准用例“TC-H70-021-N”，并保持该WhatsApp会话不关闭。步骤2：在同一会话中继续发送更贴近真实客户的追问：“门店让我付的尾款跟这里算的不一样。”。步骤3：核对机器人能结合前序问题识别当前触发条件“门店金额不一致”。步骤4：观察系统是否按规则触发人工转接，并核对转接话术是否与当前问题相关。步骤5：确认机器人没有机械重复标准答案，也没有编造处理结果。,机器人应结合上下文识别“门店金额不一致”场景，停止继续给出确定性业务结论并触发人工转接；转接前话术应与当前问题相关。,是,门店金额不一致,验证多轮上下文理解、条件式转人工召回及转接话术相关性,1) 先新建会话并完成“TC-H70-021-N”；2) 机器人已给出标准回答；3) 当前仍保持同一会话；4) 尚未发生人工接管。,门店让我付的尾款跟这里算的不一样。,The remaining amount the store asked for doesn't match what you calculated.,,,,,,,,,,,
TC-H70-021-H-C03,[提机规则] 提机时还要付多少钱？【条件式转人工场景：付款争议】,步骤1：先执行关联标准用例“TC-H70-021-N”，并保持该WhatsApp会话不关闭。步骤2：在同一会话中继续发送更贴近真实客户的追问：“我明明付过订金了，门店说系统里没有。”。步骤3：核对机器人能结合前序问题识别当前触发条件“付款争议”。步骤4：观察系统是否按规则触发人工转接，并核对转接话术是否与当前问题相关。步骤5：确认机器人没有机械重复标准答案，也没有编造处理结果。,机器人应结合上下文识别“付款争议”场景，停止继续给出确定性业务结论并触发人工转接；转接前话术应与当前问题相关。,是,付款争议,验证多轮上下文理解、条件式转人工召回及转接话术相关性,1) 先新建会话并完成“TC-H70-021-N”；2) 机器人已给出标准回答；3) 当前仍保持同一会话；4) 尚未发生人工接管。,我明明付过订金了，门店说系统里没有。,"I already paid the deposit, but the store says it isn't in their system.",,,,,,,,,,,
TC-H70-022-N,[活动规则] 如果只线上填了信息，算预订成功吗？【标准问答场景】,步骤1：开启新的WhatsApp会话。步骤2：发送测试问题：“如果只线上填了信息，算预订成功吗？”。步骤3：核对机器人识别的业务场景是否为“活动规则”。步骤4：等待机器人完整回复并核对核心事实。步骤5：确认回复未增加知识库之外的信息。步骤6：确认本轮未错误触发人工转接。,"在线提交信息只是完成预订意向登记，

您需要在预订期内前往所选 Infinix 门店线下支付 BDT 5,000 订金后，才算完成预订确认。

验收要求：核心事实正确、关键信息完整、无知识库外编造；标准咨询场景下不应触发人工转接。",否,无（标准咨询场景）,验证意图分类、知识命中、回答准确性及错误转人工控制,1) 已接入Hot70 WhatsApp机器人；2) 测试账号可正常收发消息；3) 使用与上线一致的知识库、Prompt和模型配置；4) 可查看会话日志或Trace。,如果只线上填了信息，算预订成功吗？,Does filling in the online form mean my pre-order is confirmed?,,,,,,,,,,,
TC-H70-022-H-C01,[活动规则] 如果只线上填了信息，算预订成功吗？【条件式转人工场景：用户已提交但门店查不到记录】,步骤1：先执行关联标准用例“TC-H70-022-N”，并保持该WhatsApp会话不关闭。步骤2：在同一会话中继续发送更贴近真实客户的追问：“我线上已经提交了，门店却查不到我的预订。”。步骤3：核对机器人能结合前序问题识别当前触发条件“用户已提交但门店查不到记录”。步骤4：观察系统是否按规则触发人工转接，并核对转接话术是否与当前问题相关。步骤5：确认机器人没有机械重复标准答案，也没有编造处理结果。,机器人应结合上下文识别“用户已提交但门店查不到记录”场景，停止继续给出确定性业务结论并触发人工转接；转接前话术应与当前问题相关。,是,用户已提交但门店查不到记录,验证多轮上下文理解、条件式转人工召回及转接话术相关性,1) 先新建会话并完成“TC-H70-022-N”；2) 机器人已给出标准回答；3) 当前仍保持同一会话；4) 尚未发生人工接管。,我线上已经提交了，门店却查不到我的预订。,"I submitted the form online, but the store can't find my pre-order.",,,,,,,,,,,
TC-H70-022-H-C02,[活动规则] 如果只线上填了信息，算预订成功吗？【条件式转人工场景：没收到确认信息】,步骤1：先执行关联标准用例“TC-H70-022-N”，并保持该WhatsApp会话不关闭。步骤2：在同一会话中继续发送更贴近真实客户的追问：“我提交完以后一直没收到短信。”。步骤3：核对机器人能结合前序问题识别当前触发条件“没收到确认信息”。步骤4：观察系统是否按规则触发人工转接，并核对转接话术是否与当前问题相关。步骤5：确认机器人没有机械重复标准答案，也没有编造处理结果。,机器人应结合上下文识别“没收到确认信息”场景，停止继续给出确定性业务结论并触发人工转接；转接前话术应与当前问题相关。,是,没收到确认信息,验证多轮上下文理解、条件式转人工召回及转接话术相关性,1) 先新建会话并完成“TC-H70-022-N”；2) 机器人已给出标准回答；3) 当前仍保持同一会话；4) 尚未发生人工接管。,我提交完以后一直没收到短信。,I haven't received any SMS after submitting the form.,,,,,,,,,,,
TC-H70-022-H-C03,[活动规则] 如果只线上填了信息，算预订成功吗？【条件式转人工场景：是否能保留名额】,步骤1：先执行关联标准用例“TC-H70-022-N”，并保持该WhatsApp会话不关闭。步骤2：在同一会话中继续发送更贴近真实客户的追问：“我这两天去不了门店，名额还能留着吗？”。步骤3：核对机器人能结合前序问题识别当前触发条件“是否能保留名额”。步骤4：观察系统是否按规则触发人工转接，并核对转接话术是否与当前问题相关。步骤5：确认机器人没有机械重复标准答案，也没有编造处理结果。,机器人应结合上下文识别“是否能保留名额”场景，停止继续给出确定性业务结论并触发人工转接；转接前话术应与当前问题相关。,是,是否能保留名额,验证多轮上下文理解、条件式转人工召回及转接话术相关性,1) 先新建会话并完成“TC-H70-022-N”；2) 机器人已给出标准回答；3) 当前仍保持同一会话；4) 尚未发生人工接管。,我这两天去不了门店，名额还能留着吗？,I can't get to the store in the next two days. Can my slot be kept?,,,,,,,,,,,
TC-H70-023-N,[活动规则] 订金线上能不能付？【标准问答场景】,步骤1：开启新的WhatsApp会话。步骤2：发送测试问题：“订金线上能不能付？”。步骤3：核对机器人识别的业务场景是否为“活动规则”。步骤4：等待机器人完整回复并核对核心事实。步骤5：确认回复未增加知识库之外的信息。步骤6：确认本轮未错误触发人工转接。,"不能。线上预订是免费的，不需要在线支付。

BDT 5,000 订金需要在您选择的 Infinix 线下门店支付，用于确认预订。

验收要求：核心事实正确、关键信息完整、无知识库外编造；标准咨询场景下不应触发人工转接。",否,无（标准咨询场景）,验证意图分类、知识命中、回答准确性及错误转人工控制,1) 已接入Hot70 WhatsApp机器人；2) 测试账号可正常收发消息；3) 使用与上线一致的知识库、Prompt和模型配置；4) 可查看会话日志或Trace。,订金线上能不能付？,Can I pay the deposit online?,,,,,,,,,,,
TC-H70-023-H-C01,[活动规则] 订金线上能不能付？【条件式转人工场景：用户询问门店支持哪些付款方式】,步骤1：先执行关联标准用例“TC-H70-023-N”，并保持该WhatsApp会话不关闭。步骤2：在同一会话中继续发送更贴近真实客户的追问：“店里到底能用现金还是 bKash？”。步骤3：核对机器人能结合前序问题识别当前触发条件“用户询问门店支持哪些付款方式”。步骤4：观察系统是否按规则触发人工转接，并核对转接话术是否与当前问题相关。步骤5：确认机器人没有机械重复标准答案，也没有编造处理结果。,机器人应结合上下文识别“用户询问门店支持哪些付款方式”场景，停止继续给出确定性业务结论并触发人工转接；转接前话术应与当前问题相关。,是,用户询问门店支持哪些付款方式,验证多轮上下文理解、条件式转人工召回及转接话术相关性,1) 先新建会话并完成“TC-H70-023-N”；2) 机器人已给出标准回答；3) 当前仍保持同一会话；4) 尚未发生人工接管。,店里到底能用现金还是 bKash？,Can I pay by cash or bKash at the store?,,,,,,,,,,,
TC-H70-023-H-C02,[活动规则] 订金线上能不能付？【条件式转人工场景：支付失败】,步骤1：先执行关联标准用例“TC-H70-023-N”，并保持该WhatsApp会话不关闭。步骤2：在同一会话中继续发送更贴近真实客户的追问：“我试了几次都付不了，页面一直报错。”。步骤3：核对机器人能结合前序问题识别当前触发条件“支付失败”。步骤4：观察系统是否按规则触发人工转接，并核对转接话术是否与当前问题相关。步骤5：确认机器人没有机械重复标准答案，也没有编造处理结果。,机器人应结合上下文识别“支付失败”场景，停止继续给出确定性业务结论并触发人工转接；转接前话术应与当前问题相关。,是,支付失败,验证多轮上下文理解、条件式转人工召回及转接话术相关性,1) 先新建会话并完成“TC-H70-023-N”；2) 机器人已给出标准回答；3) 当前仍保持同一会话；4) 尚未发生人工接管。,我试了几次都付不了，页面一直报错。,"I've tried several times, but the payment keeps failing with an error.",,,,,,,,,,,
TC-H70-023-H-C03,[活动规则] 订金线上能不能付？【条件式转人工场景：要求线上转账】,步骤1：先执行关联标准用例“TC-H70-023-N”，并保持该WhatsApp会话不关闭。步骤2：在同一会话中继续发送更贴近真实客户的追问：“我不方便去门店，可以直接转账付订金吗？”。步骤3：核对机器人能结合前序问题识别当前触发条件“要求线上转账”。步骤4：观察系统是否按规则触发人工转接，并核对转接话术是否与当前问题相关。步骤5：确认机器人没有机械重复标准答案，也没有编造处理结果。,机器人应结合上下文识别“要求线上转账”场景，停止继续给出确定性业务结论并触发人工转接；转接前话术应与当前问题相关。,是,要求线上转账,验证多轮上下文理解、条件式转人工召回及转接话术相关性,1) 先新建会话并完成“TC-H70-023-N”；2) 机器人已给出标准回答；3) 当前仍保持同一会话；4) 尚未发生人工接管。,我不方便去门店，可以直接转账付订金吗？,I can't get to the store. Can I transfer the deposit instead?,,,,,,,,,,,
TC-H70-024-N,[活动规则] 可以预订几台？【标准问答场景】,步骤1：开启新的WhatsApp会话。步骤2：发送测试问题：“可以预订几台？”。步骤3：核对机器人识别的业务场景是否为“活动规则”。步骤4：等待机器人完整回复并核对核心事实。步骤5：确认回复未增加知识库之外的信息。步骤6：确认本轮未错误触发人工转接。,"根据活动规则，每个订单通常限预订 1 台。

验收要求：核心事实正确、关键信息完整、无知识库外编造；标准咨询场景下不应触发人工转接。",否,无（标准咨询场景）,验证意图分类、知识命中、回答准确性及错误转人工控制,1) 已接入Hot70 WhatsApp机器人；2) 测试账号可正常收发消息；3) 使用与上线一致的知识库、Prompt和模型配置；4) 可查看会话日志或Trace。,可以预订几台？,How many phones can I pre-order?,,,,,,,,,,,
TC-H70-024-H-C01,[活动规则] 可以预订几台？【条件式转人工场景：多台购买】,步骤1：先执行关联标准用例“TC-H70-024-N”，并保持该WhatsApp会话不关闭。步骤2：在同一会话中继续发送更贴近真实客户的追问：“我想一次订两台，可以吗？”。步骤3：核对机器人能结合前序问题识别当前触发条件“多台购买”。步骤4：观察系统是否按规则触发人工转接，并核对转接话术是否与当前问题相关。步骤5：确认机器人没有机械重复标准答案，也没有编造处理结果。,机器人应结合上下文识别“多台购买”场景，停止继续给出确定性业务结论并触发人工转接；转接前话术应与当前问题相关。,是,多台购买,验证多轮上下文理解、条件式转人工召回及转接话术相关性,1) 先新建会话并完成“TC-H70-024-N”；2) 机器人已给出标准回答；3) 当前仍保持同一会话；4) 尚未发生人工接管。,我想一次订两台，可以吗？,Can I pre-order two phones at once?,,,,,,,,,,,
TC-H70-024-H-C02,[活动规则] 可以预订几台？【条件式转人工场景：团购】,步骤1：先执行关联标准用例“TC-H70-024-N”，并保持该WhatsApp会话不关闭。步骤2：在同一会话中继续发送更贴近真实客户的追问：“我们公司想一起买十台，有团购吗？”。步骤3：核对机器人能结合前序问题识别当前触发条件“团购”。步骤4：观察系统是否按规则触发人工转接，并核对转接话术是否与当前问题相关。步骤5：确认机器人没有机械重复标准答案，也没有编造处理结果。,机器人应结合上下文识别“团购”场景，停止继续给出确定性业务结论并触发人工转接；转接前话术应与当前问题相关。,是,团购,验证多轮上下文理解、条件式转人工召回及转接话术相关性,1) 先新建会话并完成“TC-H70-024-N”；2) 机器人已给出标准回答；3) 当前仍保持同一会话；4) 尚未发生人工接管。,我们公司想一起买十台，有团购吗？,Our company wants to buy ten phones. Is there a group purchase option?,,,,,,,,,,,
TC-H70-024-H-C03,[活动规则] 可以预订几台？【条件式转人工场景：批量采购】,步骤1：先执行关联标准用例“TC-H70-024-N”，并保持该WhatsApp会话不关闭。步骤2：在同一会话中继续发送更贴近真实客户的追问：“我要批量买一批，数量有限制吗？”。步骤3：核对机器人能结合前序问题识别当前触发条件“批量采购”。步骤4：观察系统是否按规则触发人工转接，并核对转接话术是否与当前问题相关。步骤5：确认机器人没有机械重复标准答案，也没有编造处理结果。,机器人应结合上下文识别“批量采购”场景，停止继续给出确定性业务结论并触发人工转接；转接前话术应与当前问题相关。,是,批量采购,验证多轮上下文理解、条件式转人工召回及转接话术相关性,1) 先新建会话并完成“TC-H70-024-N”；2) 机器人已给出标准回答；3) 当前仍保持同一会话；4) 尚未发生人工接管。,我要批量买一批，数量有限制吗？,I need to buy in bulk. Is there a quantity limit?,,,,,,,,,,,
TC-H70-024-H-C04,[活动规则] 可以预订几台？【条件式转人工场景：门店特殊处理】,步骤1：先执行关联标准用例“TC-H70-024-N”，并保持该WhatsApp会话不关闭。步骤2：在同一会话中继续发送更贴近真实客户的追问：“店员说这种订单他们要另外处理，那我现在怎么办？”。步骤3：核对机器人能结合前序问题识别当前触发条件“门店特殊处理”。步骤4：观察系统是否按规则触发人工转接，并核对转接话术是否与当前问题相关。步骤5：确认机器人没有机械重复标准答案，也没有编造处理结果。,机器人应结合上下文识别“门店特殊处理”场景，停止继续给出确定性业务结论并触发人工转接；转接前话术应与当前问题相关。,是,门店特殊处理,验证多轮上下文理解、条件式转人工召回及转接话术相关性,1) 先新建会话并完成“TC-H70-024-N”；2) 机器人已给出标准回答；3) 当前仍保持同一会话；4) 尚未发生人工接管。,店员说这种订单他们要另外处理，那我现在怎么办？,The store says this order needs special handling. What happens now?,,,,,,,,,,,
TC-H70-025-N,[HOT 70 Pro 商品信息] 选了某个颜色，门店能保证有吗？【标准问答场景】,步骤1：开启新的WhatsApp会话。步骤2：发送测试问题：“选了某个颜色，门店能保证有吗？”。步骤3：核对机器人识别的业务场景是否为“HOT 70 Pro 商品信息”。步骤4：等待机器人完整回复并核对核心事实。步骤5：确认回复未增加知识库之外的信息。步骤6：确认本轮未错误触发人工转接。,"颜色是否可选取决于您所选门店的实际库存。

您在线上选择的颜色会作为偏好记录，但最终是否可提供，需要以提机或交付时门店库存为准。

验收要求：核心事实正确、关键信息完整、无知识库外编造；标准咨询场景下不应触发人工转接。",否,无（标准咨询场景）,验证意图分类、知识命中、回答准确性及错误转人工控制,1) 已接入Hot70 WhatsApp机器人；2) 测试账号可正常收发消息；3) 使用与上线一致的知识库、Prompt和模型配置；4) 可查看会话日志或Trace。,选了某个颜色，门店能保证有吗？,"If I choose a color, can the store guarantee it will be available?",,,,,,,,,,,
TC-H70-025-H-C01,[HOT 70 Pro 商品信息] 选了某个颜色，门店能保证有吗？【条件式转人工场景：用户强烈要求某一颜色】,步骤1：先执行关联标准用例“TC-H70-025-N”，并保持该WhatsApp会话不关闭。步骤2：在同一会话中继续发送更贴近真实客户的追问：“我只要橙色，别的颜色我不要。”。步骤3：核对机器人能结合前序问题识别当前触发条件“用户强烈要求某一颜色”。步骤4：观察系统是否按规则触发人工转接，并核对转接话术是否与当前问题相关。步骤5：确认机器人没有机械重复标准答案，也没有编造处理结果。,机器人应结合上下文识别“用户强烈要求某一颜色”场景，停止继续给出确定性业务结论并触发人工转接；转接前话术应与当前问题相关。,是,用户强烈要求某一颜色,验证多轮上下文理解、条件式转人工召回及转接话术相关性,1) 先新建会话并完成“TC-H70-025-N”；2) 机器人已给出标准回答；3) 当前仍保持同一会话；4) 尚未发生人工接管。,我只要橙色，别的颜色我不要。,I only want the orange one. I don't want any other color.,,,,,,,,,,,
TC-H70-025-H-C02,[HOT 70 Pro 商品信息] 选了某个颜色，门店能保证有吗？【条件式转人工场景：查询具体门店颜色库存】,步骤1：先执行关联标准用例“TC-H70-025-N”，并保持该WhatsApp会话不关闭。步骤2：在同一会话中继续发送更贴近真实客户的追问：“Dhanmondi 那家店还有绿色的吗？”。步骤3：核对机器人能结合前序问题识别当前触发条件“查询具体门店颜色库存”。步骤4：观察系统是否按规则触发人工转接，并核对转接话术是否与当前问题相关。步骤5：确认机器人没有机械重复标准答案，也没有编造处理结果。,机器人应结合上下文识别“查询具体门店颜色库存”场景，停止继续给出确定性业务结论并触发人工转接；转接前话术应与当前问题相关。,是,查询具体门店颜色库存,验证多轮上下文理解、条件式转人工召回及转接话术相关性,1) 先新建会话并完成“TC-H70-025-N”；2) 机器人已给出标准回答；3) 当前仍保持同一会话；4) 尚未发生人工接管。,Dhanmondi 那家店还有绿色的吗？,Does the Dhanmondi store still have the green one?,,,,,,,,,,,
TC-H70-025-H-C03,[HOT 70 Pro 商品信息] 选了某个颜色，门店能保证有吗？【条件式转人工场景：投诉颜色不一致】,步骤1：先执行关联标准用例“TC-H70-025-N”，并保持该WhatsApp会话不关闭。步骤2：在同一会话中继续发送更贴近真实客户的追问：“我订的是绿色，拿到的却是蓝色。”。步骤3：核对机器人能结合前序问题识别当前触发条件“投诉颜色不一致”。步骤4：观察系统是否按规则触发人工转接，并核对转接话术是否与当前问题相关。步骤5：确认机器人没有机械重复标准答案，也没有编造处理结果。,机器人应结合上下文识别“投诉颜色不一致”场景，停止继续给出确定性业务结论并触发人工转接；转接前话术应与当前问题相关。,是,投诉颜色不一致,验证多轮上下文理解、条件式转人工召回及转接话术相关性,1) 先新建会话并完成“TC-H70-025-N”；2) 机器人已给出标准回答；3) 当前仍保持同一会话；4) 尚未发生人工接管。,我订的是绿色，拿到的却是蓝色。,"I ordered green, but they gave me a blue one.",,,,,,,,,,,
TC-H70-026-N,[活动权益] 到店具体是什么礼品【标准问答场景】,步骤1：开启新的WhatsApp会话。步骤2：发送测试问题：“到店具体是什么礼品”。步骤3：核对机器人识别的业务场景是否为“活动权益”。步骤4：等待机器人完整回复并核对核心事实。步骤5：确认回复未增加知识库之外的信息。步骤6：确认本轮未错误触发人工转接。,"本次预订活动赠品为 Smart Watch，具体以库存和活动规则为准。

赠品图片仅供参考，实际颜色、型号或设计可能会有所不同。

验收要求：核心事实正确、关键信息完整、无知识库外编造；标准咨询场景下不应触发人工转接。",否,无（标准咨询场景）,验证意图分类、知识命中、回答准确性及错误转人工控制,1) 已接入Hot70 WhatsApp机器人；2) 测试账号可正常收发消息；3) 使用与上线一致的知识库、Prompt和模型配置；4) 可查看会话日志或Trace。,到店具体是什么礼品,What exactly is the in-store gift?,,,,,,,,,,,
TC-H70-026-H-C01,[活动权益] 到店具体是什么礼品【条件式转人工场景：用户问赠品型号】,步骤1：先执行关联标准用例“TC-H70-026-N”，并保持该WhatsApp会话不关闭。步骤2：在同一会话中继续发送更贴近真实客户的追问：“送的手表具体是什么型号？”。步骤3：核对机器人能结合前序问题识别当前触发条件“用户问赠品型号”。步骤4：观察系统是否按规则触发人工转接，并核对转接话术是否与当前问题相关。步骤5：确认机器人没有机械重复标准答案，也没有编造处理结果。,机器人应结合上下文识别“用户问赠品型号”场景，停止继续给出确定性业务结论并触发人工转接；转接前话术应与当前问题相关。,是,用户问赠品型号,验证多轮上下文理解、条件式转人工召回及转接话术相关性,1) 先新建会话并完成“TC-H70-026-N”；2) 机器人已给出标准回答；3) 当前仍保持同一会话；4) 尚未发生人工接管。,送的手表具体是什么型号？,What model is the free Smart Watch?,,,,,,,,,,,
TC-H70-026-H-C02,[活动权益] 到店具体是什么礼品【条件式转人工场景：颜色】,步骤1：先执行关联标准用例“TC-H70-026-N”，并保持该WhatsApp会话不关闭。步骤2：在同一会话中继续发送更贴近真实客户的追问：“送的手表能选颜色吗？”。步骤3：核对机器人能结合前序问题识别当前触发条件“颜色”。步骤4：观察系统是否按规则触发人工转接，并核对转接话术是否与当前问题相关。步骤5：确认机器人没有机械重复标准答案，也没有编造处理结果。,机器人应结合上下文识别“颜色”场景，停止继续给出确定性业务结论并触发人工转接；转接前话术应与当前问题相关。,是,颜色,验证多轮上下文理解、条件式转人工召回及转接话术相关性,1) 先新建会话并完成“TC-H70-026-N”；2) 机器人已给出标准回答；3) 当前仍保持同一会话；4) 尚未发生人工接管。,送的手表能选颜色吗？,Can I choose the color of the free Smart Watch?,,,,,,,,,,,
TC-H70-026-H-C03,[活动权益] 到店具体是什么礼品【条件式转人工场景：库存】,步骤1：先执行关联标准用例“TC-H70-026-N”，并保持该WhatsApp会话不关闭。步骤2：在同一会话中继续发送更贴近真实客户的追问：“手表赠品现在还有吗？”。步骤3：核对机器人能结合前序问题识别当前触发条件“库存”。步骤4：观察系统是否按规则触发人工转接，并核对转接话术是否与当前问题相关。步骤5：确认机器人没有机械重复标准答案，也没有编造处理结果。,机器人应结合上下文识别“库存”场景，停止继续给出确定性业务结论并触发人工转接；转接前话术应与当前问题相关。,是,库存,验证多轮上下文理解、条件式转人工召回及转接话术相关性,1) 先新建会话并完成“TC-H70-026-N”；2) 机器人已给出标准回答；3) 当前仍保持同一会话；4) 尚未发生人工接管。,手表赠品现在还有吗？,Is the Smart Watch gift still available?,,,,,,,,,,,
TC-H70-026-H-C04,[活动权益] 到店具体是什么礼品【条件式转人工场景：是否一定有】,步骤1：先执行关联标准用例“TC-H70-026-N”，并保持该WhatsApp会话不关闭。步骤2：在同一会话中继续发送更贴近真实客户的追问：“我已经预订了，是不是肯定能拿到手表？”。步骤3：核对机器人能结合前序问题识别当前触发条件“是否一定有”。步骤4：观察系统是否按规则触发人工转接，并核对转接话术是否与当前问题相关。步骤5：确认机器人没有机械重复标准答案，也没有编造处理结果。,机器人应结合上下文识别“是否一定有”场景，停止继续给出确定性业务结论并触发人工转接；转接前话术应与当前问题相关。,是,是否一定有,验证多轮上下文理解、条件式转人工召回及转接话术相关性,1) 先新建会话并完成“TC-H70-026-N”；2) 机器人已给出标准回答；3) 当前仍保持同一会话；4) 尚未发生人工接管。,我已经预订了，是不是肯定能拿到手表？,I've already pre-ordered. Am I guaranteed to get the Smart Watch?,,,,,,,,,,,
TC-H70-026-H-C05,[活动权益] 到店具体是什么礼品【条件式转人工场景：是否可换】,步骤1：先执行关联标准用例“TC-H70-026-N”，并保持该WhatsApp会话不关闭。步骤2：在同一会话中继续发送更贴近真实客户的追问：“我不想要手表，能换成别的东西吗？”。步骤3：核对机器人能结合前序问题识别当前触发条件“是否可换”。步骤4：观察系统是否按规则触发人工转接，并核对转接话术是否与当前问题相关。步骤5：确认机器人没有机械重复标准答案，也没有编造处理结果。,机器人应结合上下文识别“是否可换”场景，停止继续给出确定性业务结论并触发人工转接；转接前话术应与当前问题相关。,是,是否可换,验证多轮上下文理解、条件式转人工召回及转接话术相关性,1) 先新建会话并完成“TC-H70-026-N”；2) 机器人已给出标准回答；3) 当前仍保持同一会话；4) 尚未发生人工接管。,我不想要手表，能换成别的东西吗？,I don't want the Smart Watch. Can I exchange it for something else?,,,,,,,,,,,
TC-H70-027-N,[活动权益] Smart Watch 怎么领取？【标准问答场景】,步骤1：开启新的WhatsApp会话。步骤2：发送测试问题：“Smart Watch 怎么领取？”。步骤3：核对机器人识别的业务场景是否为“活动权益”。步骤4：等待机器人完整回复并核对核心事实。步骤5：确认回复未增加知识库之外的信息。步骤6：确认本轮未错误触发人工转接。,"Smart Watch 赠品将在您完成购机，并在新手机上成功激活后发放。
赠品是否可领取以库存和活动规则为准。

验收要求：核心事实正确、关键信息完整、无知识库外编造；标准咨询场景下不应触发人工转接。",否,无（标准咨询场景）,验证意图分类、知识命中、回答准确性及错误转人工控制,1) 已接入Hot70 WhatsApp机器人；2) 测试账号可正常收发消息；3) 使用与上线一致的知识库、Prompt和模型配置；4) 可查看会话日志或Trace。,Smart Watch 怎么领取？,How do I collect the Smart Watch gift?,,,,,,,,,,,
TC-H70-027-H-C01,[活动权益] Smart Watch 怎么领取？【条件式转人工场景：用户问激活多久生效】,步骤1：先执行关联标准用例“TC-H70-027-N”，并保持该WhatsApp会话不关闭。步骤2：在同一会话中继续发送更贴近真实客户的追问：“手机激活后要等多久才能拿到手表？”。步骤3：核对机器人能结合前序问题识别当前触发条件“用户问激活多久生效”。步骤4：观察系统是否按规则触发人工转接，并核对转接话术是否与当前问题相关。步骤5：确认机器人没有机械重复标准答案，也没有编造处理结果。,机器人应结合上下文识别“用户问激活多久生效”场景，停止继续给出确定性业务结论并触发人工转接；转接前话术应与当前问题相关。,是,用户问激活多久生效,验证多轮上下文理解、条件式转人工召回及转接话术相关性,1) 先新建会话并完成“TC-H70-027-N”；2) 机器人已给出标准回答；3) 当前仍保持同一会话；4) 尚未发生人工接管。,手机激活后要等多久才能拿到手表？,How long after activating the phone will I receive the Smart Watch?,,,,,,,,,,,
TC-H70-027-H-C02,[活动权益] Smart Watch 怎么领取？【条件式转人工场景：赠品未收到】,步骤1：先执行关联标准用例“TC-H70-027-N”，并保持该WhatsApp会话不关闭。步骤2：在同一会话中继续发送更贴近真实客户的追问：“手机已经激活了，但手表一直没拿到。”。步骤3：核对机器人能结合前序问题识别当前触发条件“赠品未收到”。步骤4：观察系统是否按规则触发人工转接，并核对转接话术是否与当前问题相关。步骤5：确认机器人没有机械重复标准答案，也没有编造处理结果。,机器人应结合上下文识别“赠品未收到”场景，停止继续给出确定性业务结论并触发人工转接；转接前话术应与当前问题相关。,是,赠品未收到,验证多轮上下文理解、条件式转人工召回及转接话术相关性,1) 先新建会话并完成“TC-H70-027-N”；2) 机器人已给出标准回答；3) 当前仍保持同一会话；4) 尚未发生人工接管。,手机已经激活了，但手表一直没拿到。,"The phone is activated, but I still haven't received the Smart Watch.",,,,,,,,,,,
TC-H70-027-H-C03,[活动权益] Smart Watch 怎么领取？【条件式转人工场景：门店不给赠品】,步骤1：先执行关联标准用例“TC-H70-027-N”，并保持该WhatsApp会话不关闭。步骤2：在同一会话中继续发送更贴近真实客户的追问：“门店说这单没有手表赠品。”。步骤3：核对机器人能结合前序问题识别当前触发条件“门店不给赠品”。步骤4：观察系统是否按规则触发人工转接，并核对转接话术是否与当前问题相关。步骤5：确认机器人没有机械重复标准答案，也没有编造处理结果。,机器人应结合上下文识别“门店不给赠品”场景，停止继续给出确定性业务结论并触发人工转接；转接前话术应与当前问题相关。,是,门店不给赠品,验证多轮上下文理解、条件式转人工召回及转接话术相关性,1) 先新建会话并完成“TC-H70-027-N”；2) 机器人已给出标准回答；3) 当前仍保持同一会话；4) 尚未发生人工接管。,门店说这单没有手表赠品。,The store says my order doesn't include the Smart Watch gift.,,,,,,,,,,,
TC-H70-027-H-C04,[活动权益] Smart Watch 怎么领取？【条件式转人工场景：SIM 激活异常】,步骤1：先执行关联标准用例“TC-H70-027-N”，并保持该WhatsApp会话不关闭。步骤2：在同一会话中继续发送更贴近真实客户的追问：“新手机的 SIM 一直激活不了。”。步骤3：核对机器人能结合前序问题识别当前触发条件“SIM 激活异常”。步骤4：观察系统是否按规则触发人工转接，并核对转接话术是否与当前问题相关。步骤5：确认机器人没有机械重复标准答案，也没有编造处理结果。,机器人应结合上下文识别“SIM 激活异常”场景，停止继续给出确定性业务结论并触发人工转接；转接前话术应与当前问题相关。,是,SIM 激活异常,验证多轮上下文理解、条件式转人工召回及转接话术相关性,1) 先新建会话并完成“TC-H70-027-N”；2) 机器人已给出标准回答；3) 当前仍保持同一会话；4) 尚未发生人工接管。,新手机的 SIM 一直激活不了。,The SIM on my new phone won't activate.,,,,,,,,,,,
TC-H70-028-N,[活动权益] 为什么要激活才能拿赠品？【标准问答场景】,步骤1：开启新的WhatsApp会话。步骤2：发送测试问题：“为什么要激活才能拿赠品？”。步骤3：核对机器人识别的业务场景是否为“活动权益”。步骤4：等待机器人完整回复并核对核心事实。步骤5：确认回复未增加知识库之外的信息。步骤6：确认本轮未错误触发人工转接。,"需要激活，是为了确认该设备已由终端用户购买并实际使用。

赠品仅会在购买的设备成功完成 激活后发放。

验收要求：核心事实正确、关键信息完整、无知识库外编造；标准咨询场景下不应触发人工转接。",否,无（标准咨询场景）,验证意图分类、知识命中、回答准确性及错误转人工控制,1) 已接入Hot70 WhatsApp机器人；2) 测试账号可正常收发消息；3) 使用与上线一致的知识库、Prompt和模型配置；4) 可查看会话日志或Trace。,为什么要激活才能拿赠品？,Why do I have to activate the phone before receiving the gift?,,,,,,,,,,,
TC-H70-028-H-C01,[活动权益] 为什么要激活才能拿赠品？【条件式转人工场景：用户对激活规则有异议】,步骤1：先执行关联标准用例“TC-H70-028-N”，并保持该WhatsApp会话不关闭。步骤2：在同一会话中继续发送更贴近真实客户的追问：“为什么一定要激活才能拿赠品？我已经付完钱了。”。步骤3：核对机器人能结合前序问题识别当前触发条件“用户对激活规则有异议”。步骤4：观察系统是否按规则触发人工转接，并核对转接话术是否与当前问题相关。步骤5：确认机器人没有机械重复标准答案，也没有编造处理结果。,机器人应结合上下文识别“用户对激活规则有异议”场景，停止继续给出确定性业务结论并触发人工转接；转接前话术应与当前问题相关。,是,用户对激活规则有异议,验证多轮上下文理解、条件式转人工召回及转接话术相关性,1) 先新建会话并完成“TC-H70-028-N”；2) 机器人已给出标准回答；3) 当前仍保持同一会话；4) 尚未发生人工接管。,为什么一定要激活才能拿赠品？我已经付完钱了。,Why do I have to activate it to get the gift? I've already paid in full.,,,,,,,,,,,
TC-H70-028-H-C02,[活动权益] 为什么要激活才能拿赠品？【条件式转人工场景：SIM 激活失败】,步骤1：先执行关联标准用例“TC-H70-028-N”，并保持该WhatsApp会话不关闭。步骤2：在同一会话中继续发送更贴近真实客户的追问：“SIM 激活失败了，那赠品是不是就没了？”。步骤3：核对机器人能结合前序问题识别当前触发条件“SIM 激活失败”。步骤4：观察系统是否按规则触发人工转接，并核对转接话术是否与当前问题相关。步骤5：确认机器人没有机械重复标准答案，也没有编造处理结果。,机器人应结合上下文识别“SIM 激活失败”场景，停止继续给出确定性业务结论并触发人工转接；转接前话术应与当前问题相关。,是,SIM 激活失败,验证多轮上下文理解、条件式转人工召回及转接话术相关性,1) 先新建会话并完成“TC-H70-028-N”；2) 机器人已给出标准回答；3) 当前仍保持同一会话；4) 尚未发生人工接管。,SIM 激活失败了，那赠品是不是就没了？,The SIM activation failed. Does that mean I lose the gift?,,,,,,,,,,,
TC-H70-028-H-C03,[活动权益] 为什么要激活才能拿赠品？【条件式转人工场景：赠品资格争议】,步骤1：先执行关联标准用例“TC-H70-028-N”，并保持该WhatsApp会话不关闭。步骤2：在同一会话中继续发送更贴近真实客户的追问：“店员说我不符合赠品条件，但我明明按要求买的。”。步骤3：核对机器人能结合前序问题识别当前触发条件“赠品资格争议”。步骤4：观察系统是否按规则触发人工转接，并核对转接话术是否与当前问题相关。步骤5：确认机器人没有机械重复标准答案，也没有编造处理结果。,机器人应结合上下文识别“赠品资格争议”场景，停止继续给出确定性业务结论并触发人工转接；转接前话术应与当前问题相关。,是,赠品资格争议,验证多轮上下文理解、条件式转人工召回及转接话术相关性,1) 先新建会话并完成“TC-H70-028-N”；2) 机器人已给出标准回答；3) 当前仍保持同一会话；4) 尚未发生人工接管。,店员说我不符合赠品条件，但我明明按要求买的。,"The store says I'm not eligible for the gift, but I followed all the requirements.",,,,,,,,,,,
TC-H70-029-N,[门店信息] IBP / IBO 门店是什么意思？【标准问答场景】,步骤1：开启新的WhatsApp会话。步骤2：发送测试问题：“IBP / IBO 门店是什么意思？”。步骤3：核对机器人识别的业务场景是否为“门店信息”。步骤4：等待机器人完整回复并核对核心事实。步骤5：确认回复未增加知识库之外的信息。步骤6：确认本轮未错误触发人工转接。,"IBP/IBO 门店指参与本次活动的 Infinix 授权门店。

您的订金确认、提机、库存确认和赠品领取，将由您选择的参与门店处理。

验收要求：核心事实正确、关键信息完整、无知识库外编造；标准咨询场景下不应触发人工转接。",否,无（标准咨询场景）,验证意图分类、知识命中、回答准确性及错误转人工控制,1) 已接入Hot70 WhatsApp机器人；2) 测试账号可正常收发消息；3) 使用与上线一致的知识库、Prompt和模型配置；4) 可查看会话日志或Trace。,IBP / IBO 门店是什么意思？,What does an IBP or IBO store mean?,,,,,,,,,,,
TC-H70-029-H-C01,[门店信息] IBP / IBO 门店是什么意思？【条件式转人工场景：用户询问具体门店是否属于 IBP/IBO 或门店资质】,步骤1：先执行关联标准用例“TC-H70-029-N”，并保持该WhatsApp会话不关闭。步骤2：在同一会话中继续发送更贴近真实客户的追问：“这家店说自己是 IBO，是真的吗？”。步骤3：核对机器人能结合前序问题识别当前触发条件“用户询问具体门店是否属于 IBP/IBO 或门店资质”。步骤4：观察系统是否按规则触发人工转接，并核对转接话术是否与当前问题相关。步骤5：确认机器人没有机械重复标准答案，也没有编造处理结果。,机器人应结合上下文识别“用户询问具体门店是否属于 IBP/IBO 或门店资质”场景，停止继续给出确定性业务结论并触发人工转接；转接前话术应与当前问题相关。,是,用户询问具体门店是否属于 IBP/IBO 或门店资质,验证多轮上下文理解、条件式转人工召回及转接话术相关性,1) 先新建会话并完成“TC-H70-029-N”；2) 机器人已给出标准回答；3) 当前仍保持同一会话；4) 尚未发生人工接管。,这家店说自己是 IBO，是真的吗？,This store says it's an IBO store. Is that true?,,,,,,,,,,,
TC-H70-030-N,[HOT 70 Pro 商品信息] HOT 70 Pro 的 RAM 和存储是多少？【标准问答场景】,步骤1：开启新的WhatsApp会话。步骤2：发送测试问题：“HOT 70 Pro 的 RAM 和存储是多少？”。步骤3：核对机器人识别的业务场景是否为“HOT 70 Pro 商品信息”。步骤4：等待机器人完整回复并核对核心事实。步骤5：确认回复未增加知识库之外的信息。步骤6：确认本轮未错误触发人工转接。,"HOT 70 Pro 5G 配备 8GB RAM + 128GB 存储空间，还支持虚拟内存扩展，实现更流畅的多任务处理。

验收要求：核心事实正确、关键信息完整、无知识库外编造；标准咨询场景下不应触发人工转接。",否,无（标准咨询场景）,验证意图分类、知识命中、回答准确性及错误转人工控制,1) 已接入Hot70 WhatsApp机器人；2) 测试账号可正常收发消息；3) 使用与上线一致的知识库、Prompt和模型配置；4) 可查看会话日志或Trace。,HOT 70 Pro 的 RAM 和存储是多少？,How much RAM and storage does the HOT 70 Pro have?,,,,,,,,,,,
TC-H70-031-N,[HOT 70 Pro 商品信息] HOT 70 Pro 屏幕多大？分辨率多少？【标准问答场景】,步骤1：开启新的WhatsApp会话。步骤2：发送测试问题：“HOT 70 Pro 屏幕多大？分辨率多少？”。步骤3：核对机器人识别的业务场景是否为“HOT 70 Pro 商品信息”。步骤4：等待机器人完整回复并核对核心事实。步骤5：确认回复未增加知识库之外的信息。步骤6：确认本轮未错误触发人工转接。,"HOT 70 Pro 5G 配备大屏，支持 144Hz 高刷新率和 960 尼特峰值亮度，带来沉浸式视觉体验。

验收要求：核心事实正确、关键信息完整、无知识库外编造；标准咨询场景下不应触发人工转接。",否,无（标准咨询场景）,验证意图分类、知识命中、回答准确性及错误转人工控制,1) 已接入Hot70 WhatsApp机器人；2) 测试账号可正常收发消息；3) 使用与上线一致的知识库、Prompt和模型配置；4) 可查看会话日志或Trace。,HOT 70 Pro 屏幕多大？分辨率多少？,What is the screen size and resolution of the HOT 70 Pro?,,,,,,,,,,,
TC-H70-031-H-C01,[HOT 70 Pro 商品信息] HOT 70 Pro 屏幕多大？分辨率多少？【条件式转人工场景：用户询问具体尺寸参数】,步骤1：先执行关联标准用例“TC-H70-031-N”，并保持该WhatsApp会话不关闭。步骤2：在同一会话中继续发送更贴近真实客户的追问：“屏幕到底是 6.7 还是 6.8 英寸？”。步骤3：核对机器人能结合前序问题识别当前触发条件“用户询问具体尺寸参数”。步骤4：观察系统是否按规则触发人工转接，并核对转接话术是否与当前问题相关。步骤5：确认机器人没有机械重复标准答案，也没有编造处理结果。,机器人应结合上下文识别“用户询问具体尺寸参数”场景，停止继续给出确定性业务结论并触发人工转接；转接前话术应与当前问题相关。,是,用户询问具体尺寸参数,验证多轮上下文理解、条件式转人工召回及转接话术相关性,1) 先新建会话并完成“TC-H70-031-N”；2) 机器人已给出标准回答；3) 当前仍保持同一会话；4) 尚未发生人工接管。,屏幕到底是 6.7 还是 6.8 英寸？,Is the screen 6.7 inches or 6.8 inches?,,,,,,,,,,,
TC-H70-031-H-C02,[HOT 70 Pro 商品信息] HOT 70 Pro 屏幕多大？分辨率多少？【条件式转人工场景：分辨率数值】,步骤1：先执行关联标准用例“TC-H70-031-N”，并保持该WhatsApp会话不关闭。步骤2：在同一会话中继续发送更贴近真实客户的追问：“具体分辨率是多少？”。步骤3：核对机器人能结合前序问题识别当前触发条件“分辨率数值”。步骤4：观察系统是否按规则触发人工转接，并核对转接话术是否与当前问题相关。步骤5：确认机器人没有机械重复标准答案，也没有编造处理结果。,机器人应结合上下文识别“分辨率数值”场景，停止继续给出确定性业务结论并触发人工转接；转接前话术应与当前问题相关。,是,分辨率数值,验证多轮上下文理解、条件式转人工召回及转接话术相关性,1) 先新建会话并完成“TC-H70-031-N”；2) 机器人已给出标准回答；3) 当前仍保持同一会话；4) 尚未发生人工接管。,具体分辨率是多少？,What is the exact screen resolution?,,,,,,,,,,,
TC-H70-032-N,[HOT 70 Pro 商品信息] 充电功率多大？充满要多久？【标准问答场景】,步骤1：开启新的WhatsApp会话。步骤2：发送测试问题：“充电功率多大？充满要多久？”。步骤3：核对机器人识别的业务场景是否为“HOT 70 Pro 商品信息”。步骤4：等待机器人完整回复并核对核心事实。步骤5：确认回复未增加知识库之外的信息。步骤6：确认本轮未错误触发人工转接。,"HOT 70 Pro 5G 配备 6000mAh 电池，支持快速充电。

验收要求：核心事实正确、关键信息完整、无知识库外编造；标准咨询场景下不应触发人工转接。",否,无（标准咨询场景）,验证意图分类、知识命中、回答准确性及错误转人工控制,1) 已接入Hot70 WhatsApp机器人；2) 测试账号可正常收发消息；3) 使用与上线一致的知识库、Prompt和模型配置；4) 可查看会话日志或Trace。,充电功率多大？充满要多久？,"What is the charging wattage, and how long does a full charge take?",,,,,,,,,,,
TC-H70-032-H-C01,[HOT 70 Pro 商品信息] 充电功率多大？充满要多久？【条件式转人工场景：用户询问具体瓦数】,步骤1：先执行关联标准用例“TC-H70-032-N”，并保持该WhatsApp会话不关闭。步骤2：在同一会话中继续发送更贴近真实客户的追问：“充电器到底是多少瓦？”。步骤3：核对机器人能结合前序问题识别当前触发条件“用户询问具体瓦数”。步骤4：观察系统是否按规则触发人工转接，并核对转接话术是否与当前问题相关。步骤5：确认机器人没有机械重复标准答案，也没有编造处理结果。,机器人应结合上下文识别“用户询问具体瓦数”场景，停止继续给出确定性业务结论并触发人工转接；转接前话术应与当前问题相关。,是,用户询问具体瓦数,验证多轮上下文理解、条件式转人工召回及转接话术相关性,1) 先新建会话并完成“TC-H70-032-N”；2) 机器人已给出标准回答；3) 当前仍保持同一会话；4) 尚未发生人工接管。,充电器到底是多少瓦？,What is the exact charging wattage?,,,,,,,,,,,
TC-H70-032-H-C02,[HOT 70 Pro 商品信息] 充电功率多大？充满要多久？【条件式转人工场景：充电时长】,步骤1：先执行关联标准用例“TC-H70-032-N”，并保持该WhatsApp会话不关闭。步骤2：在同一会话中继续发送更贴近真实客户的追问：“从没电充满大概要多久？”。步骤3：核对机器人能结合前序问题识别当前触发条件“充电时长”。步骤4：观察系统是否按规则触发人工转接，并核对转接话术是否与当前问题相关。步骤5：确认机器人没有机械重复标准答案，也没有编造处理结果。,机器人应结合上下文识别“充电时长”场景，停止继续给出确定性业务结论并触发人工转接；转接前话术应与当前问题相关。,是,充电时长,验证多轮上下文理解、条件式转人工召回及转接话术相关性,1) 先新建会话并完成“TC-H70-032-N”；2) 机器人已给出标准回答；3) 当前仍保持同一会话；4) 尚未发生人工接管。,从没电充满大概要多久？,Roughly how long does it take to charge from empty to full?,,,,,,,,,,,
TC-H70-033-N,[HOT 70 Pro 商品信息] 出厂系统版本是什么？支持 Google 服务吗？【标准问答场景】,步骤1：开启新的WhatsApp会话。步骤2：发送测试问题：“出厂系统版本是什么？支持 Google 服务吗？”。步骤3：核对机器人识别的业务场景是否为“HOT 70 Pro 商品信息”。步骤4：等待机器人完整回复并核对核心事实。步骤5：确认回复未增加知识库之外的信息。步骤6：确认本轮未错误触发人工转接。,"HOT 70 Pro 5G 搭载最新 Android 系统，完全支持 Google 移动服务（GMS），包括 Google Play 商店、Gmail、YouTube 等。同时享有 3 年系统更新和 5 年安全更新。

验收要求：核心事实正确、关键信息完整、无知识库外编造；标准咨询场景下不应触发人工转接。",否,无（标准咨询场景）,验证意图分类、知识命中、回答准确性及错误转人工控制,1) 已接入Hot70 WhatsApp机器人；2) 测试账号可正常收发消息；3) 使用与上线一致的知识库、Prompt和模型配置；4) 可查看会话日志或Trace。,出厂系统版本是什么？支持 Google 服务吗？,"Which Android version does it ship with, and does it support Google services?",,,,,,,,,,,
TC-H70-034-N,[官方身份说明] 保修期多长？【标准问答场景】,步骤1：开启新的WhatsApp会话。步骤2：发送测试问题：“保修期多长？”。步骤3：核对机器人识别的业务场景是否为“官方身份说明”。步骤4：等待机器人完整回复并核对核心事实。步骤5：确认回复未增加知识库之外的信息。步骤6：确认本轮未错误触发人工转接。,"HOT 70 Pro 5G 享有标准 1 年制造商保修，涵盖硬件缺陷。配件可能有单独的保修条款。

验收要求：核心事实正确、关键信息完整、无知识库外编造；标准咨询场景下不应触发人工转接。",否,无（标准咨询场景）,验证意图分类、知识命中、回答准确性及错误转人工控制,1) 已接入Hot70 WhatsApp机器人；2) 测试账号可正常收发消息；3) 使用与上线一致的知识库、Prompt和模型配置；4) 可查看会话日志或Trace。,保修期多长？,How long is the warranty?,,,,,,,,,,,
TC-H70-034-H-C01,[官方身份说明] 保修期多长？【条件式转人工场景：用户询问具体保修范围】,步骤1：先执行关联标准用例“TC-H70-034-N”，并保持该WhatsApp会话不关闭。步骤2：在同一会话中继续发送更贴近真实客户的追问：“屏幕摔坏了也在保修里吗？”。步骤3：核对机器人能结合前序问题识别当前触发条件“用户询问具体保修范围”。步骤4：观察系统是否按规则触发人工转接，并核对转接话术是否与当前问题相关。步骤5：确认机器人没有机械重复标准答案，也没有编造处理结果。,机器人应结合上下文识别“用户询问具体保修范围”场景，停止继续给出确定性业务结论并触发人工转接；转接前话术应与当前问题相关。,是,用户询问具体保修范围,验证多轮上下文理解、条件式转人工召回及转接话术相关性,1) 先新建会话并完成“TC-H70-034-N”；2) 机器人已给出标准回答；3) 当前仍保持同一会话；4) 尚未发生人工接管。,屏幕摔坏了也在保修里吗？,Is accidental screen damage covered by the warranty?,,,,,,,,,,,
TC-H70-034-H-C02,[官方身份说明] 保修期多长？【条件式转人工场景：配件保修】,步骤1：先执行关联标准用例“TC-H70-034-N”，并保持该WhatsApp会话不关闭。步骤2：在同一会话中继续发送更贴近真实客户的追问：“充电器坏了也能保修吗？”。步骤3：核对机器人能结合前序问题识别当前触发条件“配件保修”。步骤4：观察系统是否按规则触发人工转接，并核对转接话术是否与当前问题相关。步骤5：确认机器人没有机械重复标准答案，也没有编造处理结果。,机器人应结合上下文识别“配件保修”场景，停止继续给出确定性业务结论并触发人工转接；转接前话术应与当前问题相关。,是,配件保修,验证多轮上下文理解、条件式转人工召回及转接话术相关性,1) 先新建会话并完成“TC-H70-034-N”；2) 机器人已给出标准回答；3) 当前仍保持同一会话；4) 尚未发生人工接管。,充电器坏了也能保修吗？,Is the charger covered by the warranty too?,,,,,,,,,,,
TC-H70-034-H-C03,[官方身份说明] 保修期多长？【条件式转人工场景：延保】,步骤1：先执行关联标准用例“TC-H70-034-N”，并保持该WhatsApp会话不关闭。步骤2：在同一会话中继续发送更贴近真实客户的追问：“能不能再多买一年保修？”。步骤3：核对机器人能结合前序问题识别当前触发条件“延保”。步骤4：观察系统是否按规则触发人工转接，并核对转接话术是否与当前问题相关。步骤5：确认机器人没有机械重复标准答案，也没有编造处理结果。,机器人应结合上下文识别“延保”场景，停止继续给出确定性业务结论并触发人工转接；转接前话术应与当前问题相关。,是,延保,验证多轮上下文理解、条件式转人工召回及转接话术相关性,1) 先新建会话并完成“TC-H70-034-N”；2) 机器人已给出标准回答；3) 当前仍保持同一会话；4) 尚未发生人工接管。,能不能再多买一年保修？,Can I buy an extra year of warranty?,,,,,,,,,,,
TC-H70-035-N,[门店信息] 售后服务中心在哪里？【直接转人工场景】,步骤1：开启新的WhatsApp会话。步骤2：发送测试问题：“售后服务中心在哪里？”。步骤3：核对机器人识别的业务场景是否为“门店信息”。步骤4：确认机器人首轮触发人工转接，并给出清晰的转接提示。步骤5：确认机器人未继续承诺人工才能完成的业务操作。,机器人应识别为“门店信息”，并直接触发人工转接。可发送简短承接话术，但不应声称已完成取消、修改、查询或协调等人工操作。,是,需确认具体城市服务网点覆盖。,验证首轮意图识别及直接转人工召回,1) 已接入Hot70 WhatsApp机器人；2) 测试账号可正常收发消息；3) 使用与上线一致的知识库、Prompt和模型配置；4) 可查看会话日志或Trace。,售后服务中心在哪里？,Where is the nearest service center?,,,,,,,,,,,
TC-H70-036-N,[官方身份说明] 手机出问题怎么办？【标准问答场景】,步骤1：开启新的WhatsApp会话。步骤2：发送测试问题：“手机出问题怎么办？”。步骤3：核对机器人识别的业务场景是否为“官方身份说明”。步骤4：等待机器人完整回复并核对核心事实。步骤5：确认回复未增加知识库之外的信息。步骤6：确认本轮未错误触发人工转接。,"如果您的 HOT 70 Pro 5G 出现任何问题，请携带设备和购买凭证前往任何 Infinix 授权服务中心。我们的售后团队将在保修范围内为您提供诊断和维修服务。

验收要求：核心事实正确、关键信息完整、无知识库外编造；标准咨询场景下不应触发人工转接。",否,无（标准咨询场景）,验证意图分类、知识命中、回答准确性及错误转人工控制,1) 已接入Hot70 WhatsApp机器人；2) 测试账号可正常收发消息；3) 使用与上线一致的知识库、Prompt和模型配置；4) 可查看会话日志或Trace。,手机出问题怎么办？,What should I do if the phone has a problem?,,,,,,,,,,,
TC-H70-036-H-C01,[官方身份说明] 手机出问题怎么办？【条件式转人工场景：远程无法解决的硬件故障】,步骤1：先执行关联标准用例“TC-H70-036-N”，并保持该WhatsApp会话不关闭。步骤2：在同一会话中继续发送更贴近真实客户的追问：“手机突然开不了机，按什么都没反应。”。步骤3：核对机器人能结合前序问题识别当前触发条件“远程无法解决的硬件故障”。步骤4：观察系统是否按规则触发人工转接，并核对转接话术是否与当前问题相关。步骤5：确认机器人没有机械重复标准答案，也没有编造处理结果。,机器人应结合上下文识别“远程无法解决的硬件故障”场景，停止继续给出确定性业务结论并触发人工转接；转接前话术应与当前问题相关。,是,远程无法解决的硬件故障,验证多轮上下文理解、条件式转人工召回及转接话术相关性,1) 先新建会话并完成“TC-H70-036-N”；2) 机器人已给出标准回答；3) 当前仍保持同一会话；4) 尚未发生人工接管。,手机突然开不了机，按什么都没反应。,"The phone suddenly won't turn on, no matter what I press.",,,,,,,,,,,
TC-H70-036-H-C02,[官方身份说明] 手机出问题怎么办？【条件式转人工场景：保修争议】,步骤1：先执行关联标准用例“TC-H70-036-N”，并保持该WhatsApp会话不关闭。步骤2：在同一会话中继续发送更贴近真实客户的追问：“服务中心说不在保修范围，但我才买了一个月。”。步骤3：核对机器人能结合前序问题识别当前触发条件“保修争议”。步骤4：观察系统是否按规则触发人工转接，并核对转接话术是否与当前问题相关。步骤5：确认机器人没有机械重复标准答案，也没有编造处理结果。,机器人应结合上下文识别“保修争议”场景，停止继续给出确定性业务结论并触发人工转接；转接前话术应与当前问题相关。,是,保修争议,验证多轮上下文理解、条件式转人工召回及转接话术相关性,1) 先新建会话并完成“TC-H70-036-N”；2) 机器人已给出标准回答；3) 当前仍保持同一会话；4) 尚未发生人工接管。,服务中心说不在保修范围，但我才买了一个月。,"The service center says it isn't covered, but I bought it only a month ago.",,,,,,,,,,,
TC-H70-037-N,[活动规则] 门店支持哪些付款方式？【标准问答场景】,步骤1：开启新的WhatsApp会话。步骤2：发送测试问题：“门店支持哪些付款方式？”。步骤3：核对机器人识别的业务场景是否为“活动规则”。步骤4：等待机器人完整回复并核对核心事实。步骤5：确认回复未增加知识库之外的信息。步骤6：确认本轮未错误触发人工转接。,"付款方式因门店而异。大多数 Infinix 门店接受现金、银行卡和移动金融服务（如 bKash、Nagad）。如需了解您所选择门店的具体付款方式，请联系客服或直接到店咨询。

验收要求：核心事实正确、关键信息完整、无知识库外编造；标准咨询场景下不应触发人工转接。",否,无（标准咨询场景）,验证意图分类、知识命中、回答准确性及错误转人工控制,1) 已接入Hot70 WhatsApp机器人；2) 测试账号可正常收发消息；3) 使用与上线一致的知识库、Prompt和模型配置；4) 可查看会话日志或Trace。,门店支持哪些付款方式？,What payment methods do the stores accept?,,,,,,,,,,,
TC-H70-037-H-C01,[活动规则] 门店支持哪些付款方式？【条件式转人工场景：用户询问特定门店支持的付款方式】,步骤1：先执行关联标准用例“TC-H70-037-N”，并保持该WhatsApp会话不关闭。步骤2：在同一会话中继续发送更贴近真实客户的追问：“Jamuna Future Park 那家店能刷卡吗？”。步骤3：核对机器人能结合前序问题识别当前触发条件“用户询问特定门店支持的付款方式”。步骤4：观察系统是否按规则触发人工转接，并核对转接话术是否与当前问题相关。步骤5：确认机器人没有机械重复标准答案，也没有编造处理结果。,机器人应结合上下文识别“用户询问特定门店支持的付款方式”场景，停止继续给出确定性业务结论并触发人工转接；转接前话术应与当前问题相关。,是,用户询问特定门店支持的付款方式,验证多轮上下文理解、条件式转人工召回及转接话术相关性,1) 先新建会话并完成“TC-H70-037-N”；2) 机器人已给出标准回答；3) 当前仍保持同一会话；4) 尚未发生人工接管。,Jamuna Future Park 那家店能刷卡吗？,Can I pay by card at the Jamuna Future Park store?,,,,,,,,,,,
TC-H70-037-H-C02,[活动规则] 门店支持哪些付款方式？【条件式转人工场景：支付失败】,步骤1：先执行关联标准用例“TC-H70-037-N”，并保持该WhatsApp会话不关闭。步骤2：在同一会话中继续发送更贴近真实客户的追问：“我试了几次都付不了，页面一直报错。”。步骤3：核对机器人能结合前序问题识别当前触发条件“支付失败”。步骤4：观察系统是否按规则触发人工转接，并核对转接话术是否与当前问题相关。步骤5：确认机器人没有机械重复标准答案，也没有编造处理结果。,机器人应结合上下文识别“支付失败”场景，停止继续给出确定性业务结论并触发人工转接；转接前话术应与当前问题相关。,是,支付失败,验证多轮上下文理解、条件式转人工召回及转接话术相关性,1) 先新建会话并完成“TC-H70-037-N”；2) 机器人已给出标准回答；3) 当前仍保持同一会话；4) 尚未发生人工接管。,我试了几次都付不了，页面一直报错。,"I've tried several times, but the payment keeps failing with an error.",,,,,,,,,,,
TC-H70-038-N,[HOT 70 Pro 商品信息] HOT 70 Pro 和其他 Infinix 手机有什么区别？【标准问答场景】,步骤1：开启新的WhatsApp会话。步骤2：发送测试问题：“HOT 70 Pro 和其他 Infinix 手机有什么区别？”。步骤3：核对机器人识别的业务场景是否为“HOT 70 Pro 商品信息”。步骤4：等待机器人完整回复并核对核心事实。步骤5：确认回复未增加知识库之外的信息。步骤6：确认本轮未错误触发人工转接。,"HOT 70 Pro 5G 是我们最新的旗舰级设备，配备 144Hz 显示屏、索尼影像系统、IP68/IP69 防护、6000mAh 电池、变色设计和 DIY 立方体 LED。

验收要求：核心事实正确、关键信息完整、无知识库外编造；标准咨询场景下不应触发人工转接。",否,无（标准咨询场景）,验证意图分类、知识命中、回答准确性及错误转人工控制,1) 已接入Hot70 WhatsApp机器人；2) 测试账号可正常收发消息；3) 使用与上线一致的知识库、Prompt和模型配置；4) 可查看会话日志或Trace。,HOT 70 Pro 和其他 Infinix 手机有什么区别？,How is the HOT 70 Pro different from other Infinix phones?,,,,,,,,,,,
TC-H70-038-H-C01,[HOT 70 Pro 商品信息] HOT 70 Pro 和其他 Infinix 手机有什么区别？【条件式转人工场景：用户需要详细参数对比】,步骤1：先执行关联标准用例“TC-H70-038-N”，并保持该WhatsApp会话不关闭。步骤2：在同一会话中继续发送更贴近真实客户的追问：“跟 Note 系列比，这款拍照和续航哪个更好？”。步骤3：核对机器人能结合前序问题识别当前触发条件“用户需要详细参数对比”。步骤4：观察系统是否按规则触发人工转接，并核对转接话术是否与当前问题相关。步骤5：确认机器人没有机械重复标准答案，也没有编造处理结果。,机器人应结合上下文识别“用户需要详细参数对比”场景，停止继续给出确定性业务结论并触发人工转接；转接前话术应与当前问题相关。,是,用户需要详细参数对比,验证多轮上下文理解、条件式转人工召回及转接话术相关性,1) 先新建会话并完成“TC-H70-038-N”；2) 机器人已给出标准回答；3) 当前仍保持同一会话；4) 尚未发生人工接管。,跟 Note 系列比，这款拍照和续航哪个更好？,"Compared with the Note series, which has better cameras and battery life?",,,,,,,,,,,
TC-H70-038-H-C02,[HOT 70 Pro 商品信息] HOT 70 Pro 和其他 Infinix 手机有什么区别？【条件式转人工场景：选购建议】,步骤1：先执行关联标准用例“TC-H70-038-N”，并保持该WhatsApp会话不关闭。步骤2：在同一会话中继续发送更贴近真实客户的追问：“我主要打游戏，选这款还是别的型号？”。步骤3：核对机器人能结合前序问题识别当前触发条件“选购建议”。步骤4：观察系统是否按规则触发人工转接，并核对转接话术是否与当前问题相关。步骤5：确认机器人没有机械重复标准答案，也没有编造处理结果。,机器人应结合上下文识别“选购建议”场景，停止继续给出确定性业务结论并触发人工转接；转接前话术应与当前问题相关。,是,选购建议,验证多轮上下文理解、条件式转人工召回及转接话术相关性,1) 先新建会话并完成“TC-H70-038-N”；2) 机器人已给出标准回答；3) 当前仍保持同一会话；4) 尚未发生人工接管。,我主要打游戏，选这款还是别的型号？,I mainly use my phone for gaming. Should I get this one or another model?,,,,,,,,,,,
TC-H70-039-N,[活动规则] 预订后能修改手机号吗？【直接转人工场景】,步骤1：开启新的WhatsApp会话。步骤2：发送测试问题：“预订后能修改手机号吗？”。步骤3：核对机器人识别的业务场景是否为“活动规则”。步骤4：确认机器人首轮触发人工转接，并给出清晰的转接提示。步骤5：确认机器人未继续承诺人工才能完成的业务操作。,机器人应识别为“活动规则”，并直接触发人工转接。可发送简短承接话术，但不应声称已完成取消、修改、查询或协调等人工操作。,是,修改注册信息需人工处理。,验证首轮意图识别及直接转人工召回,1) 已接入Hot70 WhatsApp机器人；2) 测试账号可正常收发消息；3) 使用与上线一致的知识库、Prompt和模型配置；4) 可查看会话日志或Trace。,预订后能修改手机号吗？,Can I change my phone number after pre-ordering?,,,,,,,,,,,
TC-H70-040-N,[活动规则] 怎么查我的预订状态？【直接转人工场景】,步骤1：开启新的WhatsApp会话。步骤2：发送测试问题：“怎么查我的预订状态？”。步骤3：核对机器人识别的业务场景是否为“活动规则”。步骤4：确认机器人首轮触发人工转接，并给出清晰的转接提示。步骤5：确认机器人未继续承诺人工才能完成的业务操作。,机器人应识别为“活动规则”，并直接触发人工转接。可发送简短承接话术，但不应声称已完成取消、修改、查询或协调等人工操作。,是,需人工查询后台预订记录。,验证首轮意图识别及直接转人工召回,1) 已接入Hot70 WhatsApp机器人；2) 测试账号可正常收发消息；3) 使用与上线一致的知识库、Prompt和模型配置；4) 可查看会话日志或Trace。,怎么查我的预订状态？,How can I check my pre-order status?,,,,,,,,,,,
TC-H70-041-N,[门店信息] 门店营业时间是什么？【标准问答场景】,步骤1：开启新的WhatsApp会话。步骤2：发送测试问题：“门店营业时间是什么？”。步骤3：核对机器人识别的业务场景是否为“门店信息”。步骤4：等待机器人完整回复并核对核心事实。步骤5：确认回复未增加知识库之外的信息。步骤6：确认本轮未错误触发人工转接。,"门店营业时间因地点而异。大多数 Infinix 门店营业时间为上午 10:00 至晚上 9:00。如需了解您所选择门店的确切营业时间，请点击""查找门店""。
[https://hk-paas.transsion.com/cmp-campaign-h5/hot70/view/online](https://hk-paas.transsion.com/cmp-campaign-h5/hot70/view/online)

验收要求：核心事实正确、关键信息完整、无知识库外编造；标准咨询场景下不应触发人工转接。",否,无（标准咨询场景）,验证意图分类、知识命中、回答准确性及错误转人工控制,1) 已接入Hot70 WhatsApp机器人；2) 测试账号可正常收发消息；3) 使用与上线一致的知识库、Prompt和模型配置；4) 可查看会话日志或Trace。,门店营业时间是什么？,What are the store opening hours?,,,,,,,,,,,
TC-H70-041-H-C01,[门店信息] 门店营业时间是什么？【条件式转人工场景：用户询问特定门店营业时间】,步骤1：先执行关联标准用例“TC-H70-041-N”，并保持该WhatsApp会话不关闭。步骤2：在同一会话中继续发送更贴近真实客户的追问：“Dhanmondi 那家店今天几点关门？”。步骤3：核对机器人能结合前序问题识别当前触发条件“用户询问特定门店营业时间”。步骤4：观察系统是否按规则触发人工转接，并核对转接话术是否与当前问题相关。步骤5：确认机器人没有机械重复标准答案，也没有编造处理结果。,机器人应结合上下文识别“用户询问特定门店营业时间”场景，停止继续给出确定性业务结论并触发人工转接；转接前话术应与当前问题相关。,是,用户询问特定门店营业时间,验证多轮上下文理解、条件式转人工召回及转接话术相关性,1) 先新建会话并完成“TC-H70-041-N”；2) 机器人已给出标准回答；3) 当前仍保持同一会话；4) 尚未发生人工接管。,Dhanmondi 那家店今天几点关门？,What time does the Dhanmondi store close today?,,,,,,,,,,,
TC-H70-042-N,[提机规则] 什么时候可以提机？【待确认标准问答场景】,步骤1：开启新的WhatsApp会话。步骤2：发送测试问题：「什么时候可以提机？」。步骤3：核对机器人识别的业务场景是否为「提机规则」。步骤4：等待机器人完整回复并核对核心事实。步骤5：记录知识命中、回答完整性和转人工行为。步骤6：该QA当前为「待确认」，执行结果单独统计。,"取货安排：
? 预购取货开始时间：7月13日（发布周第一天）
? 取货时间：7月13日–19日（发布周）
? 门店营业时间：请查询您所选门店的营业时间

请在取货期内前往您所选的门店，并携带确认码和有效身份证件。

验收要求：机器人应命中上述现有知识口径，不增加知识库外信息；该QA状态为「待确认」，业务确认前不计入正式回答准确率。",否,标准问题不转人工；条件式转人工备注：如用户到店无法提机、凭证异常、超过截止时间，转人工。,验证新会话意图分类、知识命中及现有回复口径；待确认数据单独统计,1) 已接入Hot70 WhatsApp机器人；2) 测试账号可正常收发消息；3) 使用与上线一致的知识库、Prompt和模型配置；4) 可查看会话日志或Trace。,什么时候可以提机？,When can I pick up the phone?,,,,,,,,,,,
TC-H70-043-N,[活动权益] 到店有什么礼品？【待确认标准问答场景】,步骤1：开启新的WhatsApp会话。步骤2：发送测试问题：「到店有什么礼品？」。步骤3：核对机器人识别的业务场景是否为「活动权益」。步骤4：等待机器人完整回复并核对核心事实。步骤5：记录知识命中、回答完整性和转人工行为。步骤6：该QA当前为「待确认」，执行结果单独统计。,"在发布期间（7月13日至19日）访问任何参与活动的Infinix门店，即可获得独家店内礼品和促销！礼品数量有限，先到先得。

验收要求：机器人应命中上述现有知识口径，不增加知识库外信息；该QA状态为「待确认」，业务确认前不计入正式回答准确率。",否,标准问题不转人工；条件式转人工备注：如礼品已发完、用户投诉，转人工。,验证新会话意图分类、知识命中及现有回复口径；待确认数据单独统计,1) 已接入Hot70 WhatsApp机器人；2) 测试账号可正常收发消息；3) 使用与上线一致的知识库、Prompt和模型配置；4) 可查看会话日志或Trace。,到店有什么礼品？,What gifts do I get when I visit the store?,,,,,,,,,,,
TC-H70-044-N,[活动规则] 线上预订后，多久内要去门店付订金？【待确认标准问答场景】,步骤1：开启新的WhatsApp会话。步骤2：发送测试问题：「线上预订后，多久内要去门店付订金？」。步骤3：核对机器人识别的业务场景是否为「活动规则」。步骤4：等待机器人完整回复并核对核心事实。步骤5：记录知识命中、回答完整性和转人工行为。步骤6：该QA当前为「待确认」，执行结果单独统计。,"请在预订期 2026 年 7 月 8 日至 7 月 12 日期间，前往您选择的 Infinix 门店线下支付 BDT 5,000 订金，以确认预订。

如果未在预订期内完成线下订金确认，您的预订名额可能无法保留。

验收要求：机器人应命中上述现有知识口径，不增加知识库外信息；该QA状态为「待确认」，业务确认前不计入正式回答准确率。",否,标准问题不转人工；条件式转人工备注：用户问是否可延期、门店是否能保留名额、已错过预订期时转人工。,验证新会话意图分类、知识命中及现有回复口径；待确认数据单独统计,1) 已接入Hot70 WhatsApp机器人；2) 测试账号可正常收发消息；3) 使用与上线一致的知识库、Prompt和模型配置；4) 可查看会话日志或Trace。,线上预订后，多久内要去门店付订金？,How soon after pre-ordering online do I need to go to the store and pay the deposit?,,,,,,,,,,,
TC-H70-045-N,[私域侧活动] 线上抽奖/免单这是什么活动？【待确认标准问答场景】,步骤1：开启新的WhatsApp会话。步骤2：发送测试问题：「线上抽奖/免单这是什么活动？」。步骤3：核对机器人识别的业务场景是否为「私域侧活动」。步骤4：等待机器人完整回复并核对核心事实。步骤5：记录知识命中、回答完整性和转人工行为。步骤6：该QA当前为「待确认」，执行结果单独统计。,"Infinix HOT70 Pro免单大奖活动：活动期内购买 HOT70 Pro并完成到店提机、回传凭证，即可参与抽奖，有机会赢得免单（退还购机款）。

验收要求：机器人应命中上述现有知识口径，不增加知识库外信息；该QA状态为「待确认」，业务确认前不计入正式回答准确率。",待确认,知识库尚未明确转人工规则，待业务确认,验证新会话意图分类、知识命中及现有回复口径；待确认数据单独统计,1) 已接入Hot70 WhatsApp机器人；2) 测试账号可正常收发消息；3) 使用与上线一致的知识库、Prompt和模型配置；4) 可查看会话日志或Trace。,线上抽奖/免单这是什么活动？,What is this online lucky draw and purchase reimbursement promotion?,,,,,,,,,,,
TC-H70-046-N,[私域侧活动] 线上免单活动时间是什么时候？【待确认标准问答场景】,步骤1：开启新的WhatsApp会话。步骤2：发送测试问题：「线上免单活动时间是什么时候？」。步骤3：核对机器人识别的业务场景是否为「私域侧活动」。步骤4：等待机器人完整回复并核对核心事实。步骤5：记录知识命中、回答完整性和转人工行为。步骤6：该QA当前为「待确认」，执行结果单独统计。,"活动期为 2026 年 7 月 8 日 0 点至 7 月 19 日 0 点；开奖日为 7 月 20 日。

验收要求：机器人应命中上述现有知识口径，不增加知识库外信息；该QA状态为「待确认」，业务确认前不计入正式回答准确率。",待确认,知识库尚未明确转人工规则，待业务确认,验证新会话意图分类、知识命中及现有回复口径；待确认数据单独统计,1) 已接入Hot70 WhatsApp机器人；2) 测试账号可正常收发消息；3) 使用与上线一致的知识库、Prompt和模型配置；4) 可查看会话日志或Trace。,线上免单活动时间是什么时候？,When does the online purchase reimbursement promotion run?,,,,,,,,,,,
TC-H70-047-N,[私域侧活动] 免单是什么意思？是免费送手机吗？【待确认标准问答场景】,步骤1：开启新的WhatsApp会话。步骤2：发送测试问题：「免单是什么意思？是免费送手机吗？」。步骤3：核对机器人识别的业务场景是否为「私域侧活动」。步骤4：等待机器人完整回复并核对核心事实。步骤5：记录知识命中、回答完整性和转人工行为。步骤6：该QA当前为「待确认」，执行结果单独统计。,"免单指退还你购买 HOT70 Pro的实付购机款。需先正常购买，中奖后退款，并非直接免费送。

验收要求：机器人应命中上述现有知识口径，不增加知识库外信息；该QA状态为「待确认」，业务确认前不计入正式回答准确率。",待确认,知识库尚未明确转人工规则，待业务确认,验证新会话意图分类、知识命中及现有回复口径；待确认数据单独统计,1) 已接入Hot70 WhatsApp机器人；2) 测试账号可正常收发消息；3) 使用与上线一致的知识库、Prompt和模型配置；4) 可查看会话日志或Trace。,免单是什么意思？是免费送手机吗？,What does purchase reimbursement mean? Do you actually give away a phone for free?,,,,,,,,,,,
TC-H70-048-N,[私域侧活动] 一共抽几个名额？【待确认标准问答场景】,步骤1：开启新的WhatsApp会话。步骤2：发送测试问题：「一共抽几个名额？」。步骤3：核对机器人识别的业务场景是否为「私域侧活动」。步骤4：等待机器人完整回复并核对核心事实。步骤5：记录知识命中、回答完整性和转人工行为。步骤6：该QA当前为「待确认」，执行结果单独统计。,"大奖一名

验收要求：机器人应命中上述现有知识口径，不增加知识库外信息；该QA状态为「待确认」，业务确认前不计入正式回答准确率。",待确认,知识库尚未明确转人工规则，待业务确认,验证新会话意图分类、知识命中及现有回复口径；待确认数据单独统计,1) 已接入Hot70 WhatsApp机器人；2) 测试账号可正常收发消息；3) 使用与上线一致的知识库、Prompt和模型配置；4) 可查看会话日志或Trace。,一共抽几个名额？,How many winners will there be?,,,,,,,,,,,
TC-H70-049-N,[私域侧活动] 怎样才有资格参加抽奖？【待确认标准问答场景】,步骤1：开启新的WhatsApp会话。步骤2：发送测试问题：「怎样才有资格参加抽奖？」。步骤3：核对机器人识别的业务场景是否为「私域侧活动」。步骤4：等待机器人完整回复并核对核心事实。步骤5：记录知识命中、回答完整性和转人工行为。步骤6：该QA当前为「待确认」，执行结果单独统计。,"需同时满足：① 活动期内完成 HOT70 Pro 线上预订；② 到店完成提机；③ 添加官方 WhatsApp 客服；④ 所购为指定机型 HOT70 Pro。

验收要求：机器人应命中上述现有知识口径，不增加知识库外信息；该QA状态为「待确认」，业务确认前不计入正式回答准确率。",待确认,知识库尚未明确转人工规则，待业务确认,验证新会话意图分类、知识命中及现有回复口径；待确认数据单独统计,1) 已接入Hot70 WhatsApp机器人；2) 测试账号可正常收发消息；3) 使用与上线一致的知识库、Prompt和模型配置；4) 可查看会话日志或Trace。,怎样才有资格参加抽奖？,What do I need to do to qualify for the lucky draw?,,,,,,,,,,,
TC-H70-050-N,[私域侧活动] 只加了 WhatsApp 能参加抽奖吗？【待确认标准问答场景】,步骤1：开启新的WhatsApp会话。步骤2：发送测试问题：「只加了 WhatsApp 能参加抽奖吗？」。步骤3：核对机器人识别的业务场景是否为「私域侧活动」。步骤4：等待机器人完整回复并核对核心事实。步骤5：记录知识命中、回答完整性和转人工行为。步骤6：该QA当前为「待确认」，执行结果单独统计。,"不能。加 WhatsApp 只是第一步，还需购买HOT 70 Pro 并完成到店提机才有资格。

验收要求：机器人应命中上述现有知识口径，不增加知识库外信息；该QA状态为「待确认」，业务确认前不计入正式回答准确率。",待确认,知识库尚未明确转人工规则，待业务确认,验证新会话意图分类、知识命中及现有回复口径；待确认数据单独统计,1) 已接入Hot70 WhatsApp机器人；2) 测试账号可正常收发消息；3) 使用与上线一致的知识库、Prompt和模型配置；4) 可查看会话日志或Trace。,只加了 WhatsApp 能参加抽奖吗？,Can I join the lucky draw just by adding the WhatsApp account?,,,,,,,,,,,
TC-H70-051-N,[私域侧活动] 只预订没提机能参加吗？【待确认标准问答场景】,步骤1：开启新的WhatsApp会话。步骤2：发送测试问题：「只预订没提机能参加吗？」。步骤3：核对机器人识别的业务场景是否为「私域侧活动」。步骤4：等待机器人完整回复并核对核心事实。步骤5：记录知识命中、回答完整性和转人工行为。步骤6：该QA当前为「待确认」，执行结果单独统计。,"不能。必须完成到店提机并回传凭证，才正式获得抽奖名额。

验收要求：机器人应命中上述现有知识口径，不增加知识库外信息；该QA状态为「待确认」，业务确认前不计入正式回答准确率。",待确认,知识库尚未明确转人工规则，待业务确认,验证新会话意图分类、知识命中及现有回复口径；待确认数据单独统计,1) 已接入Hot70 WhatsApp机器人；2) 测试账号可正常收发消息；3) 使用与上线一致的知识库、Prompt和模型配置；4) 可查看会话日志或Trace。,只预订没提机能参加吗？,Can I join if I pre-order but do not pick up the phone?,,,,,,,,,,,
TC-H70-052-N,[私域侧活动] 买别的机型能参加吗？【待确认标准问答场景】,步骤1：开启新的WhatsApp会话。步骤2：发送测试问题：「买别的机型能参加吗？」。步骤3：核对机器人识别的业务场景是否为「私域侧活动」。步骤4：等待机器人完整回复并核对核心事实。步骤5：记录知识命中、回答完整性和转人工行为。步骤6：该QA当前为「待确认」，执行结果单独统计。,"不能，本活动仅限指定机型 Infinix HOT70 Pro。

验收要求：机器人应命中上述现有知识口径，不增加知识库外信息；该QA状态为「待确认」，业务确认前不计入正式回答准确率。",待确认,知识库尚未明确转人工规则，待业务确认,验证新会话意图分类、知识命中及现有回复口径；待确认数据单独统计,1) 已接入Hot70 WhatsApp机器人；2) 测试账号可正常收发消息；3) 使用与上线一致的知识库、Prompt和模型配置；4) 可查看会话日志或Trace。,买别的机型能参加吗？,Can I join if I buy a different phone model?,,,,,,,,,,,
TC-H70-053-N,[私域侧活动] 活动期之外买的算吗？【待确认标准问答场景】,步骤1：开启新的WhatsApp会话。步骤2：发送测试问题：「活动期之外买的算吗？」。步骤3：核对机器人识别的业务场景是否为「私域侧活动」。步骤4：等待机器人完整回复并核对核心事实。步骤5：记录知识命中、回答完整性和转人工行为。步骤6：该QA当前为「待确认」，执行结果单独统计。,"不算。须在 7 月 8 日至 7 月 19 日活动期内购买并完成提机。

验收要求：机器人应命中上述现有知识口径，不增加知识库外信息；该QA状态为「待确认」，业务确认前不计入正式回答准确率。",待确认,知识库尚未明确转人工规则，待业务确认,验证新会话意图分类、知识命中及现有回复口径；待确认数据单独统计,1) 已接入Hot70 WhatsApp机器人；2) 测试账号可正常收发消息；3) 使用与上线一致的知识库、Prompt和模型配置；4) 可查看会话日志或Trace。,活动期之外买的算吗？,Does a purchase made outside the promotion period count?,,,,,,,,,,,
TC-H70-054-N,[私域侧活动] 发预订订单截图就能抽奖了吗？【待确认标准问答场景】,步骤1：开启新的WhatsApp会话。步骤2：发送测试问题：「发预订订单截图就能抽奖了吗？」。步骤3：核对机器人识别的业务场景是否为「私域侧活动」。步骤4：等待机器人完整回复并核对核心事实。步骤5：记录知识命中、回答完整性和转人工行为。步骤6：该QA当前为「待确认」，执行结果单独统计。,"发订单截图只是先“锁定”抽奖资格，还需完成到店提机后才正式进入抽奖池。

验收要求：机器人应命中上述现有知识口径，不增加知识库外信息；该QA状态为「待确认」，业务确认前不计入正式回答准确率。",待确认,知识库尚未明确转人工规则，待业务确认,验证新会话意图分类、知识命中及现有回复口径；待确认数据单独统计,1) 已接入Hot70 WhatsApp机器人；2) 测试账号可正常收发消息；3) 使用与上线一致的知识库、Prompt和模型配置；4) 可查看会话日志或Trace。,发预订订单截图就能抽奖了吗？,Is sending a screenshot of my pre-order enough to enter the lucky draw?,,,,,,,,,,,
TC-H70-055-N,[私域侧活动] 怎么正式获得抽奖名额？【待确认标准问答场景】,步骤1：开启新的WhatsApp会话。步骤2：发送测试问题：「怎么正式获得抽奖名额？」。步骤3：核对机器人识别的业务场景是否为「私域侧活动」。步骤4：等待机器人完整回复并核对核心事实。步骤5：记录知识命中、回答完整性和转人工行为。步骤6：该QA当前为「待确认」，执行结果单独统计。,"到店提机后，把你和新机的露脸合照发给客服，即可进入抽奖池。

验收要求：机器人应命中上述现有知识口径，不增加知识库外信息；该QA状态为「待确认」，业务确认前不计入正式回答准确率。",待确认,知识库尚未明确转人工规则，待业务确认,验证新会话意图分类、知识命中及现有回复口径；待确认数据单独统计,1) 已接入Hot70 WhatsApp机器人；2) 测试账号可正常收发消息；3) 使用与上线一致的知识库、Prompt和模型配置；4) 可查看会话日志或Trace。,怎么正式获得抽奖名额？,How do I officially get an entry for the lucky draw?,,,,,,,,,,,
TC-H70-056-N,[私域侧活动] 为什么要发露脸照片？不发可以吗？【待确认标准问答场景】,步骤1：开启新的WhatsApp会话。步骤2：发送测试问题：「为什么要发露脸照片？不发可以吗？」。步骤3：核对机器人识别的业务场景是否为「私域侧活动」。步骤4：等待机器人完整回复并核对核心事实。步骤5：记录知识命中、回答完整性和转人工行为。步骤6：该QA当前为「待确认」，执行结果单独统计。,"用于核验你确实本人完成了提机，保证活动公平。可以用其提机凭证和下单手机号代替。

验收要求：机器人应命中上述现有知识口径，不增加知识库外信息；该QA状态为「待确认」，业务确认前不计入正式回答准确率。",待确认,知识库尚未明确转人工规则，待业务确认,验证新会话意图分类、知识命中及现有回复口径；待确认数据单独统计,1) 已接入Hot70 WhatsApp机器人；2) 测试账号可正常收发消息；3) 使用与上线一致的知识库、Prompt和模型配置；4) 可查看会话日志或Trace。,为什么要发露脸照片？不发可以吗？,Why do I have to send a photo showing my face? Can I skip it?,,,,,,,,,,,
TC-H70-057-N,[私域侧活动] 一个人能有几个抽奖名额？【待确认标准问答场景】,步骤1：开启新的WhatsApp会话。步骤2：发送测试问题：「一个人能有几个抽奖名额？」。步骤3：核对机器人识别的业务场景是否为「私域侧活动」。步骤4：等待机器人完整回复并核对核心事实。步骤5：记录知识命中、回答完整性和转人工行为。步骤6：该QA当前为「待确认」，执行结果单独统计。,"每成功购买并提机一台 HOT70 Pro、完成回传，得 1 个名额；同一订单不重复计算。

验收要求：机器人应命中上述现有知识口径，不增加知识库外信息；该QA状态为「待确认」，业务确认前不计入正式回答准确率。",待确认,知识库尚未明确转人工规则，待业务确认,验证新会话意图分类、知识命中及现有回复口径；待确认数据单独统计,1) 已接入Hot70 WhatsApp机器人；2) 测试账号可正常收发消息；3) 使用与上线一致的知识库、Prompt和模型配置；4) 可查看会话日志或Trace。,一个人能有几个抽奖名额？,How many lucky draw entries can one person get?,,,,,,,,,,,
TC-H70-058-N,[私域侧活动] 怎么预订 HOT70 Pro？【待确认标准问答场景】,步骤1：开启新的WhatsApp会话。步骤2：发送测试问题：「怎么预订 HOT70 Pro？」。步骤3：核对机器人识别的业务场景是否为「私域侧活动」。步骤4：等待机器人完整回复并核对核心事实。步骤5：记录知识命中、回答完整性和转人工行为。步骤6：该QA当前为「待确认」，执行结果单独统计。,"可以点击链接下单：[https://hk-paas.transsion.com/cmp-campaign-h5/hot70/view/online](https://hk-paas.transsion.com/cmp-campaign-h5/hot70/view/online) ，下了发截图给我为你锁定抽奖名额~

验收要求：机器人应命中上述现有知识口径，不增加知识库外信息；该QA状态为「待确认」，业务确认前不计入正式回答准确率。",待确认,知识库尚未明确转人工规则，待业务确认,验证新会话意图分类、知识命中及现有回复口径；待确认数据单独统计,1) 已接入Hot70 WhatsApp机器人；2) 测试账号可正常收发消息；3) 使用与上线一致的知识库、Prompt和模型配置；4) 可查看会话日志或Trace。,怎么预订 HOT70 Pro？,How do I pre-order the HOT 70 Pro?,,,,,,,,,,,
TC-H70-059-N,[私域侧活动] 预订后多久能提机？【待确认标准问答场景】,步骤1：开启新的WhatsApp会话。步骤2：发送测试问题：「预订后多久能提机？」。步骤3：核对机器人识别的业务场景是否为「私域侧活动」。步骤4：等待机器人完整回复并核对核心事实。步骤5：记录知识命中、回答完整性和转人工行为。步骤6：该QA当前为「待确认」，执行结果单独统计。,"到货后客服会第一时间通知你到店提机。

验收要求：机器人应命中上述现有知识口径，不增加知识库外信息；该QA状态为「待确认」，业务确认前不计入正式回答准确率。",待确认,知识库尚未明确转人工规则，待业务确认,验证新会话意图分类、知识命中及现有回复口径；待确认数据单独统计,1) 已接入Hot70 WhatsApp机器人；2) 测试账号可正常收发消息；3) 使用与上线一致的知识库、Prompt和模型配置；4) 可查看会话日志或Trace。,预订后多久能提机？,How soon after pre-ordering can I pick up the phone?,,,,,,,,,,,
TC-H70-060-N,[私域侧活动] 订单截图在哪里找？【待确认标准问答场景】,步骤1：开启新的WhatsApp会话。步骤2：发送测试问题：「订单截图在哪里找？」。步骤3：核对机器人识别的业务场景是否为「私域侧活动」。步骤4：等待机器人完整回复并核对核心事实。步骤5：记录知识命中、回答完整性和转人工行为。步骤6：该QA当前为「待确认」，执行结果单独统计。,"在你提交预订的确认页面/信息里可找到，发给客服即可锁定资格。

验收要求：机器人应命中上述现有知识口径，不增加知识库外信息；该QA状态为「待确认」，业务确认前不计入正式回答准确率。",待确认,知识库尚未明确转人工规则，待业务确认,验证新会话意图分类、知识命中及现有回复口径；待确认数据单独统计,1) 已接入Hot70 WhatsApp机器人；2) 测试账号可正常收发消息；3) 使用与上线一致的知识库、Prompt和模型配置；4) 可查看会话日志或Trace。,订单截图在哪里找？,Where can I find my order screenshot?,,,,,,,,,,,
TC-H70-061-N,[私域侧活动] 可以预约到店时间吗？【待确认标准问答场景】,步骤1：开启新的WhatsApp会话。步骤2：发送测试问题：「可以预约到店时间吗？」。步骤3：核对机器人识别的业务场景是否为「私域侧活动」。步骤4：等待机器人完整回复并核对核心事实。步骤5：记录知识命中、回答完整性和转人工行为。步骤6：该QA当前为「待确认」，执行结果单独统计。,"可以，把方便的时间告诉客服，帮你留货、减少排队。

验收要求：机器人应命中上述现有知识口径，不增加知识库外信息；该QA状态为「待确认」，业务确认前不计入正式回答准确率。",待确认,知识库尚未明确转人工规则，待业务确认,验证新会话意图分类、知识命中及现有回复口径；待确认数据单独统计,1) 已接入Hot70 WhatsApp机器人；2) 测试账号可正常收发消息；3) 使用与上线一致的知识库、Prompt和模型配置；4) 可查看会话日志或Trace。,可以预约到店时间吗？,Can I book a time to visit the store?,,,,,,,,,,,
TC-H70-062-N,[私域侧活动] 到店立减券是什么？怎么用？【待确认标准问答场景】,步骤1：开启新的WhatsApp会话。步骤2：发送测试问题：「到店立减券是什么？怎么用？」。步骤3：核对机器人识别的业务场景是否为「私域侧活动」。步骤4：等待机器人完整回复并核对核心事实。步骤5：记录知识命中、回答完整性和转人工行为。步骤6：该QA当前为「待确认」，执行结果单独统计。,"是一张到店购机抵扣券（券码形式）；到店时把券码报给店员，即可抵扣 [立减券面额]。

验收要求：机器人应命中上述现有知识口径，不增加知识库外信息；该QA状态为「待确认」，业务确认前不计入正式回答准确率。",待确认,知识库尚未明确转人工规则，待业务确认,验证新会话意图分类、知识命中及现有回复口径；待确认数据单独统计,1) 已接入Hot70 WhatsApp机器人；2) 测试账号可正常收发消息；3) 使用与上线一致的知识库、Prompt和模型配置；4) 可查看会话日志或Trace。,到店立减券是什么？怎么用？,"What is the in-store discount voucher, and how do I use it?",,,,,,,,,,,
TC-H70-063-N,[私域侧活动] 券码可以转给别人吗？【待确认标准问答场景】,步骤1：开启新的WhatsApp会话。步骤2：发送测试问题：「券码可以转给别人吗？」。步骤3：核对机器人识别的业务场景是否为「私域侧活动」。步骤4：等待机器人完整回复并核对核心事实。步骤5：记录知识命中、回答完整性和转人工行为。步骤6：该QA当前为「待确认」，执行结果单独统计。,"不可以，券码一码一用、绑定本人，过期作废。

验收要求：机器人应命中上述现有知识口径，不增加知识库外信息；该QA状态为「待确认」，业务确认前不计入正式回答准确率。",待确认,知识库尚未明确转人工规则，待业务确认,验证新会话意图分类、知识命中及现有回复口径；待确认数据单独统计,1) 已接入Hot70 WhatsApp机器人；2) 测试账号可正常收发消息；3) 使用与上线一致的知识库、Prompt和模型配置；4) 可查看会话日志或Trace。,券码可以转给别人吗？,Can I give the voucher code to someone else?,,,,,,,,,,,
TC-H70-064-N,[私域侧活动] 邀请好友有什么好处？【待确认标准问答场景】,步骤1：开启新的WhatsApp会话。步骤2：发送测试问题：「邀请好友有什么好处？」。步骤3：核对机器人识别的业务场景是否为「私域侧活动」。步骤4：等待机器人完整回复并核对核心事实。步骤5：记录知识命中、回答完整性和转人工行为。步骤6：该QA当前为「待确认」，执行结果单独统计。,"把专属链接发给朋友，朋友买 HOT70 Pro 并到店提机后，你和朋友都能各得一张券。

验收要求：机器人应命中上述现有知识口径，不增加知识库外信息；该QA状态为「待确认」，业务确认前不计入正式回答准确率。",待确认,知识库尚未明确转人工规则，待业务确认,验证新会话意图分类、知识命中及现有回复口径；待确认数据单独统计,1) 已接入Hot70 WhatsApp机器人；2) 测试账号可正常收发消息；3) 使用与上线一致的知识库、Prompt和模型配置；4) 可查看会话日志或Trace。,邀请好友有什么好处？,What do I get for inviting friends?,,,,,,,,,,,
TC-H70-065-N,[私域侧活动] 什么时候开奖？【待确认标准问答场景】,步骤1：开启新的WhatsApp会话。步骤2：发送测试问题：「什么时候开奖？」。步骤3：核对机器人识别的业务场景是否为「私域侧活动」。步骤4：等待机器人完整回复并核对核心事实。步骤5：记录知识命中、回答完整性和转人工行为。步骤6：该QA当前为「待确认」，执行结果单独统计。,"2026 年 7 月 20 日开奖。

验收要求：机器人应命中上述现有知识口径，不增加知识库外信息；该QA状态为「待确认」，业务确认前不计入正式回答准确率。",待确认,知识库尚未明确转人工规则，待业务确认,验证新会话意图分类、知识命中及现有回复口径；待确认数据单独统计,1) 已接入Hot70 WhatsApp机器人；2) 测试账号可正常收发消息；3) 使用与上线一致的知识库、Prompt和模型配置；4) 可查看会话日志或Trace。,什么时候开奖？,When will the winners be announced?,,,,,,,,,,,
TC-H70-066-N,[私域侧活动] 怎么开奖？公平吗？【待确认标准问答场景】,步骤1：开启新的WhatsApp会话。步骤2：发送测试问题：「怎么开奖？公平吗？」。步骤3：核对机器人识别的业务场景是否为「私域侧活动」。步骤4：等待机器人完整回复并核对核心事实。步骤5：记录知识命中、回答完整性和转人工行为。步骤6：该QA当前为「待确认」，执行结果单独统计。,"主办方在后台从所有合格名额中随机抽取 1 名，全程公开透明（录屏/公示）。

验收要求：机器人应命中上述现有知识口径，不增加知识库外信息；该QA状态为「待确认」，业务确认前不计入正式回答准确率。",待确认,知识库尚未明确转人工规则，待业务确认,验证新会话意图分类、知识命中及现有回复口径；待确认数据单独统计,1) 已接入Hot70 WhatsApp机器人；2) 测试账号可正常收发消息；3) 使用与上线一致的知识库、Prompt和模型配置；4) 可查看会话日志或Trace。,怎么开奖？公平吗？,How will the lucky draw be conducted? Is it fair?,,,,,,,,,,,
TC-H70-067-N,[私域侧活动] 中奖后怎么领奖？【待确认标准问答场景】,步骤1：开启新的WhatsApp会话。步骤2：发送测试问题：「中奖后怎么领奖？」。步骤3：核对机器人识别的业务场景是否为「私域侧活动」。步骤4：等待机器人完整回复并核对核心事实。步骤5：记录知识命中、回答完整性和转人工行为。步骤6：该QA当前为「待确认」，执行结果单独统计。,"收到通知后在规定时间内回复确认，并配合核验身份与购机凭证，免单款将退还给你。

验收要求：机器人应命中上述现有知识口径，不增加知识库外信息；该QA状态为「待确认」，业务确认前不计入正式回答准确率。",待确认,知识库尚未明确转人工规则，待业务确认,验证新会话意图分类、知识命中及现有回复口径；待确认数据单独统计,1) 已接入Hot70 WhatsApp机器人；2) 测试账号可正常收发消息；3) 使用与上线一致的知识库、Prompt和模型配置；4) 可查看会话日志或Trace。,中奖后怎么领奖？,How do I claim the prize if I win?,,,,,,,,,,,
TC-H70-068-N,[私域侧活动] 中奖后退货还能拿免单吗？【待确认标准问答场景】,步骤1：开启新的WhatsApp会话。步骤2：发送测试问题：「中奖后退货还能拿免单吗？」。步骤3：核对机器人识别的业务场景是否为「私域侧活动」。步骤4：等待机器人完整回复并核对核心事实。步骤5：记录知识命中、回答完整性和转人工行为。步骤6：该QA当前为「待确认」，执行结果单独统计。,"不能。中奖后若退货/退款致购买不成立，将取消中奖资格并追回奖励。

验收要求：机器人应命中上述现有知识口径，不增加知识库外信息；该QA状态为「待确认」，业务确认前不计入正式回答准确率。",待确认,知识库尚未明确转人工规则，待业务确认,验证新会话意图分类、知识命中及现有回复口径；待确认数据单独统计,1) 已接入Hot70 WhatsApp机器人；2) 测试账号可正常收发消息；3) 使用与上线一致的知识库、Prompt和模型配置；4) 可查看会话日志或Trace。,中奖后退货还能拿免单吗？,"If I return the phone after winning, can I still get the purchase reimbursement reward?",,,,,,,,,,,
TC-H70-069-N,[私域侧活动] 线上免单活动是真的吗？会不会是骗人的？【待确认标准问答场景】,步骤1：开启新的WhatsApp会话。步骤2：发送测试问题：「线上免单活动是真的吗？会不会是骗人的？」。步骤3：核对机器人识别的业务场景是否为「私域侧活动」。步骤4：等待机器人完整回复并核对核心事实。步骤5：记录知识命中、回答完整性和转人工行为。步骤6：该QA当前为「待确认」，执行结果单独统计。,"线上免单是官方活动，开奖公开透明。

验收要求：机器人应命中上述现有知识口径，不增加知识库外信息；该QA状态为「待确认」，业务确认前不计入正式回答准确率。",待确认,知识库尚未明确转人工规则，待业务确认,验证新会话意图分类、知识命中及现有回复口径；待确认数据单独统计,1) 已接入Hot70 WhatsApp机器人；2) 测试账号可正常收发消息；3) 使用与上线一致的知识库、Prompt和模型配置；4) 可查看会话日志或Trace。,线上免单活动是真的吗？会不会是骗人的？,"Is the online purchase reimbursement promotion real, or is it a scam?",,,,,,,,,,,
TC-H70-070-N,[提机规则] 支持送货上门吗？【待确认标准问答场景】,步骤1：开启新的WhatsApp会话。步骤2：发送测试问题：「支持送货上门吗？」。步骤3：核对机器人识别的业务场景是否为「提机规则」。步骤4：等待机器人完整回复并核对核心事实。步骤5：记录知识命中、回答完整性和转人工行为。步骤6：该QA当前为「待确认」，执行结果单独统计。,"目前预购需要在所选 Infinix 门店到店取货。预购暂不支持送货上门。请在取货期（7月13日–19日）前往所选门店领取设备。

验收要求：机器人应命中上述现有知识口径，不增加知识库外信息；该QA状态为「待确认」，业务确认前不计入正式回答准确率。",否,无（标准咨询场景）,验证新会话意图分类、知识命中及现有回复口径；待确认数据单独统计,1) 已接入Hot70 WhatsApp机器人；2) 测试账号可正常收发消息；3) 使用与上线一致的知识库、Prompt和模型配置；4) 可查看会话日志或Trace。,支持送货上门吗？,Do you offer home delivery?,,,,,,,,,,,
TC-H70-071-N,[私域侧活动] 预购福利和免单活动能同时参加吗？【待确认标准问答场景】,步骤1：开启新的WhatsApp会话。步骤2：发送测试问题：「预购福利和免单活动能同时参加吗？」。步骤3：核对机器人识别的业务场景是否为「私域侧活动」。步骤4：等待机器人完整回复并核对核心事实。步骤5：记录知识命中、回答完整性和转人工行为。步骤6：该QA当前为「待确认」，执行结果单独统计。,"可以！预购福利和线上免单抽奖是两个独立活动。如果您预购 HOT 70 Pro、完成提机并在活动期间提交所需凭证，您可以同时享受预购赠品并参与免单抽奖。

验收要求：机器人应命中上述现有知识口径，不增加知识库外信息；该QA状态为「待确认」，业务确认前不计入正式回答准确率。",否,无（标准咨询场景）,验证新会话意图分类、知识命中及现有回复口径；待确认数据单独统计,1) 已接入Hot70 WhatsApp机器人；2) 测试账号可正常收发消息；3) 使用与上线一致的知识库、Prompt和模型配置；4) 可查看会话日志或Trace。,预购福利和免单活动能同时参加吗？,Can I join both the pre-order benefits and the purchase reimbursement promotion?,,,,,,,,,,,
TC-H70-072-N,[提机规则] 我去线下提机了啊，为什么说我无法提机【待确认标准问答场景】,步骤1：开启新的WhatsApp会话。步骤2：发送测试问题：「我去线下提机了啊，为什么说我无法提机」。步骤3：核对机器人识别的业务场景是否为「提机规则」。步骤4：等待机器人完整回复并核对核心事实。步骤5：记录知识命中、回答完整性和转人工行为。步骤6：该QA当前为「待确认」，执行结果单独统计。,机器人应结合上下文识别“我去线下提机了啊，为什么说我无法提机”场景，停止继续给出确定性业务结论并触发人工转接；转接前话术应与当前问题相关。,是,我去线下提机了啊，为什么说我无法提机,验证多轮上下文理解、条件式转人工召回及转接话术相关性,1) 已接入Hot70 WhatsApp机器人；2) 测试账号可正常收发消息；3) 使用与上线一致的知识库、Prompt和模型配置；4) 可查看会话日志或Trace。,我去线下提机了啊，为什么说我无法提机,I went to the offline store to pick up the phone. Why does it say that I’m unable to pick it up?,,,,,,,,,,,
TC-H70-073-N,[提机规则] 我为啥没办法核销hot 70 啊，店员说核销老是失败呢【待确认标准问答场景】,步骤1：开启新的WhatsApp会话。步骤2：发送测试问题：「我为啥没办法核销hot 70 啊，店员说核销老是失败呢」。步骤3：核对机器人识别的业务场景是否为「提机规则」。步骤4：等待机器人完整回复并核对核心事实。步骤5：记录知识命中、回答完整性和转人工行为。步骤6：该QA当前为「待确认」，执行结果单独统计。,机器人应结合上下文识别“我为啥没办法核销hot 70 啊，店员说核销老是失败呢”场景，停止继续给出确定性业务结论并触发人工转接；转接前话术应与当前问题相关。,是,我为啥没办法核销hot 70 啊，店员说核销老是失败呢,验证多轮上下文理解、条件式转人工召回及转接话术相关性,1) 已接入Hot70 WhatsApp机器人；2) 测试账号可正常收发消息；3) 使用与上线一致的知识库、Prompt和模型配置；4) 可查看会话日志或Trace。,我为啥没办法核销hot 70 啊，店员说核销老是失败呢,Why can’t I redeem the Hot 70? The store staff said the redemption keeps failing.,,,,,,,,,,,
TC-H70-074-N,[提机规则] 我定的是 128+8，现在想换其他型号的，能不能换？【待确认标准问答场景】,步骤1：开启新的WhatsApp会话。步骤2：发送测试问题：「我定的是 128+8，现在想换其他型号的，能不能换？」。步骤3：核对机器人识别的业务场景是否为「提机规则」。步骤4：等待机器人完整回复并核对核心事实。步骤5：记录知识命中、回答完整性和转人工行为。步骤6：该QA当前为「待确认」，执行结果单独统计。,机器人应结合上下文识别“我定的是 128+8，现在想换其他型号的，能不能换？”场景，停止继续给出确定性业务结论并触发人工转接；转接前话术应与当前问题相关。,是,我定的是 128+8，现在想换其他型号的，能不能换？,验证多轮上下文理解、条件式转人工召回及转接话术相关性,1) 已接入Hot70 WhatsApp机器人；2) 测试账号可正常收发消息；3) 使用与上线一致的知识库、Prompt和模型配置；4) 可查看会话日志或Trace。,我定的是 128+8，现在想换其他型号的，能不能换？,"I ordered the 128GB + 8GB version, but now I want to switch to another model. Is that possible?",,,,,,,,,,,
TC-H70-075-N,[活动权益] 送的手表是提机的时候就给我吗【待确认标准问答场景】,步骤1：开启新的WhatsApp会话。步骤2：发送测试问题：「送的手表是提机的时候就给我吗」。步骤3：核对机器人识别的业务场景是否为「活动权益」。步骤4：等待机器人完整回复并核对核心事实。步骤5：记录知识命中、回答完整性和转人工行为。步骤6：该QA当前为「待确认」，执行结果单独统计。,Bot should provide a relevant and safe answer to this question: 送的手表是提机的时候就给我吗. 验收要求：机器人应命中上述现有知识口径，不增加知识库外信息；该QA状态为「待确认」，业务确认前不计入正式回答准确率。,否,无（标准咨询场景）,验证新会话意图分类、知识命中及现有回复口径；待确认数据单独统计,1) 已接入Hot70 WhatsApp机器人；2) 测试账号可正常收发消息；3) 使用与上线一致的知识库、Prompt和模型配置；4) 可查看会话日志或Trace。,送的手表是提机的时候就给我吗,Will the free watch be given to me when I pick up the phone?,,,,,,,,,,,
TC-H70-076-N,[活动权益] 这个送的手表是啥品牌和型号呢，不会是假的吧【待确认标准问答场景】,步骤1：开启新的WhatsApp会话。步骤2：发送测试问题：「这个送的手表是啥品牌和型号呢，不会是假的吧」。步骤3：核对机器人识别的业务场景是否为「活动权益」。步骤4：等待机器人完整回复并核对核心事实。步骤5：记录知识命中、回答完整性和转人工行为。步骤6：该QA当前为「待确认」，执行结果单独统计。,Bot should give a safe response first for this question: 这个送的手表是啥品牌和型号呢，不会是假的吧; whether to hand off should follow business confirmation. 验收要求：机器人应命中上述现有知识口径，不增加知识库外信息；该QA状态为「待确认」，业务确认前不计入正式回答准确率。,待确认,知识库尚未明确转人工规则，待业务确认,验证新会话意图分类、知识命中及现有回复口径；待确认数据单独统计,1) 已接入Hot70 WhatsApp机器人；2) 测试账号可正常收发消息；3) 使用与上线一致的知识库、Prompt和模型配置；4) 可查看会话日志或Trace。,这个送的手表是啥品牌和型号呢，不会是假的吧,"What brand and model is the free watch? It’s not fake, right?",,,,,,,,,,,
TC-H70-077-N,[提机规则] 如果我今天不能提机，能不能让家人代提？需要带什么材料？【待确认标准问答场景】,步骤1：开启新的WhatsApp会话。步骤2：发送测试问题：「如果我今天不能提机，能不能让家人代提？需要带什么材料？」。步骤3：核对机器人识别的业务场景是否为「提机规则」。步骤4：等待机器人完整回复并核对核心事实。步骤5：记录知识命中、回答完整性和转人工行为。步骤6：该QA当前为「待确认」，执行结果单独统计。,Bot should give a safe response first for this question: 如果我今天不能提机，能不能让家人代提？需要带什么材料？; whether to hand off should follow business confirmation. 验收要求：机器人应命中上述现有知识口径，不增加知识库外信息；该QA状态为「待确认」，业务确认前不计入正式回答准确率。,待确认,知识库尚未明确转人工规则，待业务确认,验证新会话意图分类、知识命中及现有回复口径；待确认数据单独统计,1) 已接入Hot70 WhatsApp机器人；2) 测试账号可正常收发消息；3) 使用与上线一致的知识库、Prompt和模型配置；4) 可查看会话日志或Trace。,如果我今天不能提机，能不能让家人代提？需要带什么材料？,"If I can’t pick up the phone today, can a family member pick it up on my behalf? What documents/materials are required?",,,,,,,,,,,
TC-H70-078-N,[提机规则] 门店说活动结束了，但我是在活动期内下单的，还能不能提？【待确认标准问答场景】,步骤1：开启新的WhatsApp会话。步骤2：发送测试问题：「门店说活动结束了，但我是在活动期内下单的，还能不能提？」。步骤3：核对机器人识别的业务场景是否为「提机规则」。步骤4：等待机器人完整回复并核对核心事实。步骤5：记录知识命中、回答完整性和转人工行为。步骤6：该QA当前为「待确认」，执行结果单独统计。,机器人应结合上下文识别“门店说活动结束了，但我是在活动期内下单的，还能不能提？”场景，停止继续给出确定性业务结论并触发人工转接；转接前话术应与当前问题相关。,是,门店说活动结束了，但我是在活动期内下单的，还能不能提？,验证多轮上下文理解、条件式转人工召回及转接话术相关性,1) 已接入Hot70 WhatsApp机器人；2) 测试账号可正常收发消息；3) 使用与上线一致的知识库、Prompt和模型配置；4) 可查看会话日志或Trace。,门店说活动结束了，但我是在活动期内下单的，还能不能提？,"The store said the promotion has ended, but I placed my order during the promotional period. Can I still pick it up?",,,,,,,,,,,
TC-H70-079-N,[提机规则] 为什么别人同一门店能提，我不能提？资格规则到底是什么？【待确认标准问答场景】,步骤1：开启新的WhatsApp会话。步骤2：发送测试问题：「为什么别人同一门店能提，我不能提？资格规则到底是什么？」。步骤3：核对机器人识别的业务场景是否为「提机规则」。步骤4：等待机器人完整回复并核对核心事实。步骤5：记录知识命中、回答完整性和转人工行为。步骤6：该QA当前为「待确认」，执行结果单独统计。,机器人应结合上下文识别“为什么别人同一门店能提，我不能提？资格规则到底是什么？”场景，停止继续给出确定性业务结论并触发人工转接；转接前话术应与当前问题相关。,是,为什么别人同一门店能提，我不能提？资格规则到底是什么？,验证多轮上下文理解、条件式转人工召回及转接话术相关性,1) 已接入Hot70 WhatsApp机器人；2) 测试账号可正常收发消息；3) 使用与上线一致的知识库、Prompt和模型配置；4) 可查看会话日志或Trace。,为什么别人同一门店能提，我不能提？资格规则到底是什么？,"Why can others make purchases at the same store, but I can't? What exactly are the eligibility rules?",,,,,,,,,,,
TC-H70-080-N,[活动权益] 门店让我换另一个手机号核销，这样会不会影响我的赠品？【待确认标准问答场景】,步骤1：开启新的WhatsApp会话。步骤2：发送测试问题：「门店让我换另一个手机号核销，这样会不会影响我的赠品？」。步骤3：核对机器人识别的业务场景是否为「活动权益」。步骤4：等待机器人完整回复并核对核心事实。步骤5：记录知识命中、回答完整性和转人工行为。步骤6：该QA当前为「待确认」，执行结果单独统计。,机器人应结合上下文识别“门店让我换另一个手机号核销，这样会不会影响我的赠品？”场景，停止继续给出确定性业务结论并触发人工转接；转接前话术应与当前问题相关。,是,门店让我换另一个手机号核销，这样会不会影响我的赠品？,验证多轮上下文理解、条件式转人工召回及转接话术相关性,1) 已接入Hot70 WhatsApp机器人；2) 测试账号可正常收发消息；3) 使用与上线一致的知识库、Prompt和模型配置；4) 可查看会话日志或Trace。,门店让我换另一个手机号核销，这样会不会影响我的赠品？,The store asked me to use a different phone number for verification. Will this affect my gift?,,,,,,,,,,,
TC-H70-081-N,[提机规则] 核销时显示型号不匹配，但我预约的就是这个型号啊【待确认标准问答场景】,步骤1：开启新的WhatsApp会话。步骤2：发送测试问题：「核销时显示型号不匹配，但我预约的就是这个型号啊」。步骤3：核对机器人识别的业务场景是否为「提机规则」。步骤4：等待机器人完整回复并核对核心事实。步骤5：记录知识命中、回答完整性和转人工行为。步骤6：该QA当前为「待确认」，执行结果单独统计。,机器人应结合上下文识别“核销时显示型号不匹配，但我预约的就是这个型号啊”场景，停止继续给出确定性业务结论并触发人工转接；转接前话术应与当前问题相关。,是,核销时显示型号不匹配，但我预约的就是这个型号啊,验证多轮上下文理解、条件式转人工召回及转接话术相关性,1) 已接入Hot70 WhatsApp机器人；2) 测试账号可正常收发消息；3) 使用与上线一致的知识库、Prompt和模型配置；4) 可查看会话日志或Trace。,核销时显示型号不匹配，但我预约的就是这个型号啊,"It showed a model mismatch during verification, but this is the model I booked.",,,,,,,,,,,
TC-H70-082-N,[活动权益] 门店说手表没货，让我等，我可以换其他赠品？【待确认标准问答场景】,步骤1：开启新的WhatsApp会话。步骤2：发送测试问题：「门店说手表没货，让我等，我可以换其他赠品？」。步骤3：核对机器人识别的业务场景是否为「活动权益」。步骤4：等待机器人完整回复并核对核心事实。步骤5：记录知识命中、回答完整性和转人工行为。步骤6：该QA当前为「待确认」，执行结果单独统计。,机器人应结合上下文识别“门店说手表没货，让我等，我可以换其他赠品？”场景，停止继续给出确定性业务结论并触发人工转接；转接前话术应与当前问题相关。,是,门店说手表没货，让我等，我可以换其他赠品？,验证多轮上下文理解、条件式转人工召回及转接话术相关性,1) 已接入Hot70 WhatsApp机器人；2) 测试账号可正常收发消息；3) 使用与上线一致的知识库、Prompt和模型配置；4) 可查看会话日志或Trace。,门店说手表没货，让我等，我可以换其他赠品？,The store said the watch was out of stock and asked me to wait. Can I exchange it for another free gift?,,,,,,,,,,,
TC-H70-083-N,[活动规则] 我不想买了，取消后多久能退我定金？会不会影响我以后参与活动？【待确认标准问答场景】,步骤1：开启新的WhatsApp会话。步骤2：发送测试问题：「我不想买了，取消后多久能退我定金？会不会影响我以后参与活动？」。步骤3：核对机器人识别的业务场景是否为「活动规则」。步骤4：等待机器人完整回复并核对核心事实。步骤5：记录知识命中、回答完整性和转人工行为。步骤6：该QA当前为「待确认」，执行结果单独统计。,机器人应结合上下文识别“我不想买了，取消后多久能退我定金？会不会影响我以后参与活动？”场景，停止继续给出确定性业务结论并触发人工转接；转接前话术应与当前问题相关。,是,我不想买了，取消后多久能退我定金？会不会影响我以后参与活动？,验证多轮上下文理解、条件式转人工召回及转接话术相关性,1) 已接入Hot70 WhatsApp机器人；2) 测试账号可正常收发消息；3) 使用与上线一致的知识库、Prompt和模型配置；4) 可查看会话日志或Trace。,我不想买了，取消后多久能退我定金？会不会影响我以后参与活动？,I don't want to buy it anymore. How long will it take to get my deposit back after I cancel? Will it affect my ability to participate in future promotions?,,,,,,,,,,,
TC-H70-084-N,[提机规则] 你们说可以换，门店说不行，那我该听谁的？【待确认标准问答场景】,步骤1：开启新的WhatsApp会话。步骤2：发送测试问题：「你们说可以换，门店说不行，那我该听谁的？」。步骤3：核对机器人识别的业务场景是否为「提机规则」。步骤4：等待机器人完整回复并核对核心事实。步骤5：记录知识命中、回答完整性和转人工行为。步骤6：该QA当前为「待确认」，执行结果单独统计。,机器人应结合上下文识别“你们说可以换，门店说不行，那我该听谁的？”场景，停止继续给出确定性业务结论并触发人工转接；转接前话术应与当前问题相关。,是,你们说可以换，门店说不行，那我该听谁的？,验证多轮上下文理解、条件式转人工召回及转接话术相关性,1) 已接入Hot70 WhatsApp机器人；2) 测试账号可正常收发消息；3) 使用与上线一致的知识库、Prompt和模型配置；4) 可查看会话日志或Trace。,你们说可以换，门店说不行，那我该听谁的？,"You say it can be exchanged, but the store says it can't. So who should I listen to?",,,,,,,,,,,
TC-H70-085-N,[活动权益] 这个价格有点贵啊，多送点赠品吧【待确认标准问答场景】,步骤1：开启新的WhatsApp会话。步骤2：发送测试问题：「这个价格有点贵啊，多送点赠品吧」。步骤3：核对机器人识别的业务场景是否为「活动权益」。步骤4：等待机器人完整回复并核对核心事实。步骤5：记录知识命中、回答完整性和转人工行为。步骤6：该QA当前为「待确认」，执行结果单独统计。,Bot should provide a relevant and safe answer to this question: 这个价格有点贵啊，多送点赠品吧. 验收要求：机器人应命中上述现有知识口径，不增加知识库外信息；该QA状态为「待确认」，业务确认前不计入正式回答准确率。,否,无（标准咨询场景）,验证新会话意图分类、知识命中及现有回复口径；待确认数据单独统计,1) 已接入Hot70 WhatsApp机器人；2) 测试账号可正常收发消息；3) 使用与上线一致的知识库、Prompt和模型配置；4) 可查看会话日志或Trace。,这个价格有点贵啊，多送点赠品吧,"This price is a bit high, please include more free gifts.",,,,,,,,,,,
TC-H70-086-N,[人工兜底规则] 请问你们招人吗，我有个孩子要养【待确认标准问答场景】,步骤1：开启新的WhatsApp会话。步骤2：发送测试问题：「请问你们招人吗，我有个孩子要养」。步骤3：核对机器人识别的业务场景是否为「人工兜底规则」。步骤4：等待机器人完整回复并核对核心事实。步骤5：记录知识命中、回答完整性和转人工行为。步骤6：该QA当前为「待确认」，执行结果单独统计。,Bot should provide a relevant and safe answer to this question: 请问你们招人吗，我有个孩子要养. 验收要求：机器人应命中上述现有知识口径，不增加知识库外信息；该QA状态为「待确认」，业务确认前不计入正式回答准确率。,否,无（标准咨询场景）,验证新会话意图分类、知识命中及现有回复口径；待确认数据单独统计,1) 已接入Hot70 WhatsApp机器人；2) 测试账号可正常收发消息；3) 使用与上线一致的知识库、Prompt和模型配置；4) 可查看会话日志或Trace。,请问你们招人吗，我有个孩子要养,Are you hiring? I have a child to raise.,,,,,,,,,,,
TC-H70-087-N,[人工兜底规则] 滚蛋【待确认标准问答场景】,步骤1：开启新的WhatsApp会话。步骤2：发送测试问题：「滚蛋」。步骤3：核对机器人识别的业务场景是否为「人工兜底规则」。步骤4：等待机器人完整回复并核对核心事实。步骤5：记录知识命中、回答完整性和转人工行为。步骤6：该QA当前为「待确认」，执行结果单独统计。,机器人应结合上下文识别“滚蛋”场景，停止继续给出确定性业务结论并触发人工转接；转接前话术应与当前问题相关。,是,滚蛋,验证多轮上下文理解、条件式转人工召回及转接话术相关性,1) 已接入Hot70 WhatsApp机器人；2) 测试账号可正常收发消息；3) 使用与上线一致的知识库、Prompt和模型配置；4) 可查看会话日志或Trace。,滚蛋,Get lost,,,,,,,,,,,
TC-H70-088-N,[人工兜底规则] 你说的是什么我根本不懂【待确认标准问答场景】,步骤1：开启新的WhatsApp会话。步骤2：发送测试问题：「你说的是什么我根本不懂」。步骤3：核对机器人识别的业务场景是否为「人工兜底规则」。步骤4：等待机器人完整回复并核对核心事实。步骤5：记录知识命中、回答完整性和转人工行为。步骤6：该QA当前为「待确认」，执行结果单独统计。,Bot should provide a relevant and safe answer to this question: 你说的是什么我根本不懂. 验收要求：机器人应命中上述现有知识口径，不增加知识库外信息；该QA状态为「待确认」，业务确认前不计入正式回答准确率。,否,无（标准咨询场景）,验证新会话意图分类、知识命中及现有回复口径；待确认数据单独统计,1) 已接入Hot70 WhatsApp机器人；2) 测试账号可正常收发消息；3) 使用与上线一致的知识库、Prompt和模型配置；4) 可查看会话日志或Trace。,你说的是什么我根本不懂,I don't understand what you're saying at all.,,,,,,,,,,,
TC-H70-089-N,[人工兜底规则] 方便语音聊天嘛，我不想打字【待确认标准问答场景】,步骤1：开启新的WhatsApp会话。步骤2：发送测试问题：「方便语音聊天嘛，我不想打字」。步骤3：核对机器人识别的业务场景是否为「人工兜底规则」。步骤4：等待机器人完整回复并核对核心事实。步骤5：记录知识命中、回答完整性和转人工行为。步骤6：该QA当前为「待确认」，执行结果单独统计。,Bot should give a safe response first for this question: 方便语音聊天嘛，我不想打字; whether to hand off should follow business confirmation. 验收要求：机器人应命中上述现有知识口径，不增加知识库外信息；该QA状态为「待确认」，业务确认前不计入正式回答准确率。,待确认,知识库尚未明确转人工规则，待业务确认,验证新会话意图分类、知识命中及现有回复口径；待确认数据单独统计,1) 已接入Hot70 WhatsApp机器人；2) 测试账号可正常收发消息；3) 使用与上线一致的知识库、Prompt和模型配置；4) 可查看会话日志或Trace。,方便语音聊天嘛，我不想打字,Is it convenient to use voice chat? I don't want to type.,,,,,,,,,,,
TC-H70-090-N,[人工兜底规则] 之前来你们店买了插头，这个是假的【待确认标准问答场景】,步骤1：开启新的WhatsApp会话。步骤2：发送测试问题：「之前来你们店买了插头，这个是假的」。步骤3：核对机器人识别的业务场景是否为「人工兜底规则」。步骤4：等待机器人完整回复并核对核心事实。步骤5：记录知识命中、回答完整性和转人工行为。步骤6：该QA当前为「待确认」，执行结果单独统计。,机器人应结合上下文识别“之前来你们店买了插头，这个是假的”场景，停止继续给出确定性业务结论并触发人工转接；转接前话术应与当前问题相关。,是,之前来你们店买了插头，这个是假的,验证多轮上下文理解、条件式转人工召回及转接话术相关性,1) 已接入Hot70 WhatsApp机器人；2) 测试账号可正常收发消息；3) 使用与上线一致的知识库、Prompt和模型配置；4) 可查看会话日志或Trace。,之前来你们店买了插头，这个是假的,"I bought a plug from your store before, but this one is fake.",,,,,,,,,,,
TC-H70-091-N,[人工兜底规则] 你说过会给我开发票【待确认标准问答场景】,步骤1：开启新的WhatsApp会话。步骤2：发送测试问题：「你说过会给我开发票」。步骤3：核对机器人识别的业务场景是否为「人工兜底规则」。步骤4：等待机器人完整回复并核对核心事实。步骤5：记录知识命中、回答完整性和转人工行为。步骤6：该QA当前为「待确认」，执行结果单独统计。,机器人应结合上下文识别“你说过会给我开发票”场景，停止继续给出确定性业务结论并触发人工转接；转接前话术应与当前问题相关。,是,你说过会给我开发票,验证多轮上下文理解、条件式转人工召回及转接话术相关性,1) 已接入Hot70 WhatsApp机器人；2) 测试账号可正常收发消息；3) 使用与上线一致的知识库、Prompt和模型配置；4) 可查看会话日志或Trace。,你说过会给我开发票,You said you would issue me an invoice.,,,,,,,,,,,
TC-H70-092-N,[官方身份说明] 骗子【待确认标准问答场景】,步骤1：开启新的WhatsApp会话。步骤2：发送测试问题：「骗子」。步骤3：核对机器人识别的业务场景是否为「官方身份说明」。步骤4：等待机器人完整回复并核对核心事实。步骤5：记录知识命中、回答完整性和转人工行为。步骤6：该QA当前为「待确认」，执行结果单独统计。,Bot should give a safe response first for this question: 骗子; whether to hand off should follow business confirmation. 验收要求：机器人应命中上述现有知识口径，不增加知识库外信息；该QA状态为「待确认」，业务确认前不计入正式回答准确率。,待确认,知识库尚未明确转人工规则，待业务确认,验证新会话意图分类、知识命中及现有回复口径；待确认数据单独统计,1) 已接入Hot70 WhatsApp机器人；2) 测试账号可正常收发消息；3) 使用与上线一致的知识库、Prompt和模型配置；4) 可查看会话日志或Trace。,骗子,Scammer / Fraud,,,,,,,,,,,
TC-H70-093-N,[私域侧活动] 我可以把优惠券给我朋友吗【待确认标准问答场景】,步骤1：开启新的WhatsApp会话。步骤2：发送测试问题：「我可以把优惠券给我朋友吗」。步骤3：核对机器人识别的业务场景是否为「私域侧活动」。步骤4：等待机器人完整回复并核对核心事实。步骤5：记录知识命中、回答完整性和转人工行为。步骤6：该QA当前为「待确认」，执行结果单独统计。,Bot should provide a relevant and safe answer to this question: 我可以把优惠券给我朋友吗. 验收要求：机器人应命中上述现有知识口径，不增加知识库外信息；该QA状态为「待确认」，业务确认前不计入正式回答准确率。,否,无（标准咨询场景）,验证新会话意图分类、知识命中及现有回复口径；待确认数据单独统计,1) 已接入Hot70 WhatsApp机器人；2) 测试账号可正常收发消息；3) 使用与上线一致的知识库、Prompt和模型配置；4) 可查看会话日志或Trace。,我可以把优惠券给我朋友吗,Can I give my coupon to my friend?,,,,,,,,,,,
TC-H70-094-N,[提机规则] 我不在门店附近，我可以叫我朋友来帮我拿吗【待确认标准问答场景】,步骤1：开启新的WhatsApp会话。步骤2：发送测试问题：「我不在门店附近，我可以叫我朋友来帮我拿吗」。步骤3：核对机器人识别的业务场景是否为「提机规则」。步骤4：等待机器人完整回复并核对核心事实。步骤5：记录知识命中、回答完整性和转人工行为。步骤6：该QA当前为「待确认」，执行结果单独统计。,Bot should give a safe response first for this question: 我不在门店附近，我可以叫我朋友来帮我拿吗; whether to hand off should follow business confirmation. 验收要求：机器人应命中上述现有知识口径，不增加知识库外信息；该QA状态为「待确认」，业务确认前不计入正式回答准确率。,待确认,知识库尚未明确转人工规则，待业务确认,验证新会话意图分类、知识命中及现有回复口径；待确认数据单独统计,1) 已接入Hot70 WhatsApp机器人；2) 测试账号可正常收发消息；3) 使用与上线一致的知识库、Prompt和模型配置；4) 可查看会话日志或Trace。,我不在门店附近，我可以叫我朋友来帮我拿吗,I’m not near the store. Can I ask my friend to pick it up for me?,,,,,,,,,,,
TC-H70-095-N,[活动权益] 分期利息太高了买不起【待确认标准问答场景】,步骤1：开启新的WhatsApp会话。步骤2：发送测试问题：「分期利息太高了买不起」。步骤3：核对机器人识别的业务场景是否为「活动权益」。步骤4：等待机器人完整回复并核对核心事实。步骤5：记录知识命中、回答完整性和转人工行为。步骤6：该QA当前为「待确认」，执行结果单独统计。,Bot should provide a relevant and safe answer to this question: 分期利息太高了买不起. 验收要求：机器人应命中上述现有知识口径，不增加知识库外信息；该QA状态为「待确认」，业务确认前不计入正式回答准确率。,否,无（标准咨询场景）,验证新会话意图分类、知识命中及现有回复口径；待确认数据单独统计,1) 已接入Hot70 WhatsApp机器人；2) 测试账号可正常收发消息；3) 使用与上线一致的知识库、Prompt和模型配置；4) 可查看会话日志或Trace。,分期利息太高了买不起,"The installment interest is too high, I can’t afford it",,,,,,,,,,,
TC-H70-096-N,[活动权益] 请问可以砍价吗【待确认标准问答场景】,步骤1：开启新的WhatsApp会话。步骤2：发送测试问题：「请问可以砍价吗」。步骤3：核对机器人识别的业务场景是否为「活动权益」。步骤4：等待机器人完整回复并核对核心事实。步骤5：记录知识命中、回答完整性和转人工行为。步骤6：该QA当前为「待确认」，执行结果单独统计。,Bot should provide a relevant and safe answer to this question: 请问可以砍价吗. 验收要求：机器人应命中上述现有知识口径，不增加知识库外信息；该QA状态为「待确认」，业务确认前不计入正式回答准确率。,否,无（标准咨询场景）,验证新会话意图分类、知识命中及现有回复口径；待确认数据单独统计,1) 已接入Hot70 WhatsApp机器人；2) 测试账号可正常收发消息；3) 使用与上线一致的知识库、Prompt和模型配置；4) 可查看会话日志或Trace。,请问可以砍价吗,Can I bargain / negotiate the price?,,,,,,,,,,,
TC-H70-097-N,[人工兜底规则] （用户直接丢其他链接、视频 不回复）【待确认标准问答场景】,步骤1：开启新的WhatsApp会话。步骤2：发送测试问题：「（用户直接丢其他链接、视频 不回复）」。步骤3：核对机器人识别的业务场景是否为「人工兜底规则」。步骤4：等待机器人完整回复并核对核心事实。步骤5：记录知识命中、回答完整性和转人工行为。步骤6：该QA当前为「待确认」，执行结果单独统计。,Bot should give a safe response first for this question: （用户直接丢其他链接、视频 不回复）; whether to hand off should follow business confirmation. 验收要求：机器人应命中上述现有知识口径，不增加知识库外信息；该QA状态为「待确认」，业务确认前不计入正式回答准确率。,待确认,知识库尚未明确转人工规则，待业务确认,验证新会话意图分类、知识命中及现有回复口径；待确认数据单独统计,1) 已接入Hot70 WhatsApp机器人；2) 测试账号可正常收发消息；3) 使用与上线一致的知识库、Prompt和模型配置；4) 可查看会话日志或Trace。,（用户直接丢其他链接、视频 不回复）,(User directly shares other links/videos without replying),,,,,,,,,,,
TC-H70-098-N,[私域侧活动] 我会预订但是你能不能先关注我的FB、IG【待确认标准问答场景】,步骤1：开启新的WhatsApp会话。步骤2：发送测试问题：「我会预订但是你能不能先关注我的FB、IG」。步骤3：核对机器人识别的业务场景是否为「私域侧活动」。步骤4：等待机器人完整回复并核对核心事实。步骤5：记录知识命中、回答完整性和转人工行为。步骤6：该QA当前为「待确认」，执行结果单独统计。,Bot should provide a relevant and safe answer to this question: 我会预订但是你能不能先关注我的FB、IG. 验收要求：机器人应命中上述现有知识口径，不增加知识库外信息；该QA状态为「待确认」，业务确认前不计入正式回答准确率。,否,无（标准咨询场景）,验证新会话意图分类、知识命中及现有回复口径；待确认数据单独统计,1) 已接入Hot70 WhatsApp机器人；2) 测试账号可正常收发消息；3) 使用与上线一致的知识库、Prompt和模型配置；4) 可查看会话日志或Trace。,我会预订但是你能不能先关注我的FB、IG,"I will book, but can you follow my FB/IG first?",,,,,,,,,,,
TC-H70-099-N,[HOT 70 Pro 商品信息] 我只有10k到15k预算能不能介绍别的手机给我【待确认标准问答场景】,步骤1：开启新的WhatsApp会话。步骤2：发送测试问题：「我只有10k到15k预算能不能介绍别的手机给我」。步骤3：核对机器人识别的业务场景是否为「HOT 70 Pro 商品信息」。步骤4：等待机器人完整回复并核对核心事实。步骤5：记录知识命中、回答完整性和转人工行为。步骤6：该QA当前为「待确认」，执行结果单独统计。,机器人应结合上下文识别“我只有10k到15k预算能不能介绍别的手机给我”场景，停止继续给出确定性业务结论并触发人工转接；转接前话术应与当前问题相关。,是,我只有10k到15k预算能不能介绍别的手机给我,验证多轮上下文理解、条件式转人工召回及转接话术相关性,1) 已接入Hot70 WhatsApp机器人；2) 测试账号可正常收发消息；3) 使用与上线一致的知识库、Prompt和模型配置；4) 可查看会话日志或Trace。,我只有10k到15k预算能不能介绍别的手机给我,I only have a budget of 10k to 15k. Can you recommend another phone for me?,,,,,,,,,,,
TC-H70-100-N,[人工兜底规则] 小B商家自动欢迎语【待确认标准问答场景】,步骤1：开启新的WhatsApp会话。步骤2：发送测试问题：「小B商家自动欢迎语」。步骤3：核对机器人识别的业务场景是否为「人工兜底规则」。步骤4：等待机器人完整回复并核对核心事实。步骤5：记录知识命中、回答完整性和转人工行为。步骤6：该QA当前为「待确认」，执行结果单独统计。,Bot should provide a relevant and safe answer to this question: 小B商家自动欢迎语. 验收要求：机器人应命中上述现有知识口径，不增加知识库外信息；该QA状态为「待确认」，业务确认前不计入正式回答准确率。,否,无（标准咨询场景）,验证新会话意图分类、知识命中及现有回复口径；待确认数据单独统计,1) 已接入Hot70 WhatsApp机器人；2) 测试账号可正常收发消息；3) 使用与上线一致的知识库、Prompt和模型配置；4) 可查看会话日志或Trace。,小B商家自动欢迎语,Small B-merchant auto welcome message,,,,,,,,,,,
TC-H70-101-N,[官方身份说明] 请问我是和人聊天还是AI？【待确认标准问答场景】,步骤1：开启新的WhatsApp会话。步骤2：发送测试问题：「请问我是和人聊天还是AI？」。步骤3：核对机器人识别的业务场景是否为「官方身份说明」。步骤4：等待机器人完整回复并核对核心事实。步骤5：记录知识命中、回答完整性和转人工行为。步骤6：该QA当前为「待确认」，执行结果单独统计。,Bot should provide a relevant and safe answer to this question: 请问我是和人聊天还是AI？. 验收要求：机器人应命中上述现有知识口径，不增加知识库外信息；该QA状态为「待确认」，业务确认前不计入正式回答准确率。,否,无（标准咨询场景）,验证新会话意图分类、知识命中及现有回复口径；待确认数据单独统计,1) 已接入Hot70 WhatsApp机器人；2) 测试账号可正常收发消息；3) 使用与上线一致的知识库、Prompt和模型配置；4) 可查看会话日志或Trace。,请问我是和人聊天还是AI？,Am I chatting with a human or AI?,,,,,,,,,,,
TC-H70-102-N,"[人工兜底规则] 国外版砍一刀I received ?450,000 , you should try it too, it's very easy!
https://myppu.buzz/FbOPwO/ng-en?0705563303645259897&s=wa&
留【待确认标准问答场景】","步骤1：开启新的WhatsApp会话。步骤2：发送测试问题：「国外版砍一刀I received ?450,000 , you should try it too, it's very easy!
https://myppu.buzz/FbOPwO/ng-en?0705563303645259897&s=wa&
留」。步骤3：核对机器人识别的业务场景是否为「人工兜底规则」。步骤4：等待机器人完整回复并核对核心事实。步骤5：记录知识命中、回答完整性和转人工行为。步骤6：该QA当前为「待确认」，执行结果单独统计。","机器人应结合上下文识别“国外版砍一刀I received ?450,000 , you should try it too, it's very easy!
https://myppu.buzz/FbOPwO/ng-en?0705563303645259897&s=wa&
留”场景，停止继续给出确定性业务结论并触发人工转接；转接前话术应与当前问题相关。",是,"国外版砍一刀I received ?450,000 , you should try it too, it's very easy!
https://myppu.buzz/FbOPwO/ng-en?0705563303645259897&s=wa&
留",验证多轮上下文理解、条件式转人工召回及转接话术相关性,1) 已接入Hot70 WhatsApp机器人；2) 测试账号可正常收发消息；3) 使用与上线一致的知识库、Prompt和模型配置；4) 可查看会话日志或Trace。,"国外版砍一刀I received ?450,000 , you should try it too, it's very easy!
https://myppu.buzz/FbOPwO/ng-en?0705563303645259897&s=wa&
留","
“Overseas ‘bargain scam’: I received ?450,000…” (Phishing link alert!)",,,,,,,,,,,
TC-H70-103-N,"[人工兜底规则] *Auto Reply* 
Hey there! I am using Whatauto App.【待确认标准问答场景】","步骤1：开启新的WhatsApp会话。步骤2：发送测试问题：「*Auto Reply* 
Hey there! I am using Whatauto App.」。步骤3：核对机器人识别的业务场景是否为「人工兜底规则」。步骤4：等待机器人完整回复并核对核心事实。步骤5：记录知识命中、回答完整性和转人工行为。步骤6：该QA当前为「待确认」，执行结果单独统计。","Bot should provide a relevant and safe answer to this question: *Auto Reply* 
Hey there! I am using Whatauto App.. 验收要求：机器人应命中上述现有知识口径，不增加知识库外信息；该QA状态为「待确认」，业务确认前不计入正式回答准确率。",否,无（标准咨询场景）,验证新会话意图分类、知识命中及现有回复口径；待确认数据单独统计,1) 已接入Hot70 WhatsApp机器人；2) 测试账号可正常收发消息；3) 使用与上线一致的知识库、Prompt和模型配置；4) 可查看会话日志或Trace。,"*Auto Reply* 
Hey there! I am using Whatauto App.","""*Auto Reply* 
Hey there! I am using Whatauto App.""",,,,,,,,,,,
TC-H70-104-N,[人工兜底规则] 我会炸了你全家 阿门【待确认标准问答场景】,步骤1：开启新的WhatsApp会话。步骤2：发送测试问题：「我会炸了你全家 阿门」。步骤3：核对机器人识别的业务场景是否为「人工兜底规则」。步骤4：等待机器人完整回复并核对核心事实。步骤5：记录知识命中、回答完整性和转人工行为。步骤6：该QA当前为「待确认」，执行结果单独统计。,机器人应结合上下文识别“我会炸了你全家 阿门”场景，停止继续给出确定性业务结论并触发人工转接；转接前话术应与当前问题相关。,是,我会炸了你全家 阿门,验证多轮上下文理解、条件式转人工召回及转接话术相关性,1) 已接入Hot70 WhatsApp机器人；2) 测试账号可正常收发消息；3) 使用与上线一致的知识库、Prompt和模型配置；4) 可查看会话日志或Trace。,我会炸了你全家 阿门,I will blow up your whole family. Amen.,,,,,,,,,,,
TC-H70-105-N,[人工兜底规则] 我之前和你们店有过很多合作，【待确认标准问答场景】,步骤1：开启新的WhatsApp会话。步骤2：发送测试问题：「我之前和你们店有过很多合作，」。步骤3：核对机器人识别的业务场景是否为「人工兜底规则」。步骤4：等待机器人完整回复并核对核心事实。步骤5：记录知识命中、回答完整性和转人工行为。步骤6：该QA当前为「待确认」，执行结果单独统计。,机器人应结合上下文识别“我之前和你们店有过很多合作，”场景，停止继续给出确定性业务结论并触发人工转接；转接前话术应与当前问题相关。,是,我之前和你们店有过很多合作，,验证多轮上下文理解、条件式转人工召回及转接话术相关性,1) 已接入Hot70 WhatsApp机器人；2) 测试账号可正常收发消息；3) 使用与上线一致的知识库、Prompt和模型配置；4) 可查看会话日志或Trace。,我之前和你们店有过很多合作，,"I have had a lot of cooperation with your store before,",,,,,,,,,,,
TC-H70-106-N,[活动权益] 我一年在你们店买了50多件商品了【待确认标准问答场景】,步骤1：开启新的WhatsApp会话。步骤2：发送测试问题：「我一年在你们店买了50多件商品了」。步骤3：核对机器人识别的业务场景是否为「活动权益」。步骤4：等待机器人完整回复并核对核心事实。步骤5：记录知识命中、回答完整性和转人工行为。步骤6：该QA当前为「待确认」，执行结果单独统计。,Bot should provide a relevant and safe answer to this question: 我一年在你们店买了50多件商品了. 验收要求：机器人应命中上述现有知识口径，不增加知识库外信息；该QA状态为「待确认」，业务确认前不计入正式回答准确率。,否,无（标准咨询场景）,验证新会话意图分类、知识命中及现有回复口径；待确认数据单独统计,1) 已接入Hot70 WhatsApp机器人；2) 测试账号可正常收发消息；3) 使用与上线一致的知识库、Prompt和模型配置；4) 可查看会话日志或Trace。,我一年在你们店买了50多件商品了,I bought more than 50 products from your store in one year.,,,,,,,,,,,
TC-H70-107-N,[活动规则] 我去年在你们这里买的手机屏幕碎了，我可以用他来换HOT70嘛【待确认标准问答场景】,步骤1：开启新的WhatsApp会话。步骤2：发送测试问题：「我去年在你们这里买的手机屏幕碎了，我可以用他来换HOT70嘛」。步骤3：核对机器人识别的业务场景是否为「活动规则」。步骤4：等待机器人完整回复并核对核心事实。步骤5：记录知识命中、回答完整性和转人工行为。步骤6：该QA当前为「待确认」，执行结果单独统计。,机器人应结合上下文识别“我去年在你们这里买的手机屏幕碎了，我可以用他来换HOT70嘛”场景，停止继续给出确定性业务结论并触发人工转接；转接前话术应与当前问题相关。,是,我去年在你们这里买的手机屏幕碎了，我可以用他来换HOT70嘛,验证多轮上下文理解、条件式转人工召回及转接话术相关性,1) 已接入Hot70 WhatsApp机器人；2) 测试账号可正常收发消息；3) 使用与上线一致的知识库、Prompt和模型配置；4) 可查看会话日志或Trace。,我去年在你们这里买的手机屏幕碎了，我可以用他来换HOT70嘛,The phone I bought from you last year has a broken screen. Can I trade it in for a HOT 70?,,,,,,,,,,,
TC-H70-108-N,[人工兜底规则] 等我下班再来【待确认标准问答场景】,步骤1：开启新的WhatsApp会话。步骤2：发送测试问题：「等我下班再来」。步骤3：核对机器人识别的业务场景是否为「人工兜底规则」。步骤4：等待机器人完整回复并核对核心事实。步骤5：记录知识命中、回答完整性和转人工行为。步骤6：该QA当前为「待确认」，执行结果单独统计。,Bot should provide a relevant and safe answer to this question: 等我下班再来. 验收要求：机器人应命中上述现有知识口径，不增加知识库外信息；该QA状态为「待确认」，业务确认前不计入正式回答准确率。,否,无（标准咨询场景）,验证新会话意图分类、知识命中及现有回复口径；待确认数据单独统计,1) 已接入Hot70 WhatsApp机器人；2) 测试账号可正常收发消息；3) 使用与上线一致的知识库、Prompt和模型配置；4) 可查看会话日志或Trace。,等我下班再来,I will come after I get off work.,,,,,,,,,,,
TC-H70-109-N,[人工兜底规则] 发色情表情包【待确认标准问答场景】,步骤1：开启新的WhatsApp会话。步骤2：发送测试问题：「发色情表情包」。步骤3：核对机器人识别的业务场景是否为「人工兜底规则」。步骤4：等待机器人完整回复并核对核心事实。步骤5：记录知识命中、回答完整性和转人工行为。步骤6：该QA当前为「待确认」，执行结果单独统计。,机器人应结合上下文识别“发色情表情包”场景，停止继续给出确定性业务结论并触发人工转接；转接前话术应与当前问题相关。,是,发色情表情包,验证多轮上下文理解、条件式转人工召回及转接话术相关性,1) 已接入Hot70 WhatsApp机器人；2) 测试账号可正常收发消息；3) 使用与上线一致的知识库、Prompt和模型配置；4) 可查看会话日志或Trace。,发色情表情包,Send pornographic stickers.,,,,,,,,,,,
TC-H70-110-N,[人工兜底规则] 为什么你得英语那么塑料【待确认标准问答场景】,步骤1：开启新的WhatsApp会话。步骤2：发送测试问题：「为什么你得英语那么塑料」。步骤3：核对机器人识别的业务场景是否为「人工兜底规则」。步骤4：等待机器人完整回复并核对核心事实。步骤5：记录知识命中、回答完整性和转人工行为。步骤6：该QA当前为「待确认」，执行结果单独统计。,Bot should provide a relevant and safe answer to this question: 为什么你得英语那么塑料. 验收要求：机器人应命中上述现有知识口径，不增加知识库外信息；该QA状态为「待确认」，业务确认前不计入正式回答准确率。,否,无（标准咨询场景）,验证新会话意图分类、知识命中及现有回复口径；待确认数据单独统计,1) 已接入Hot70 WhatsApp机器人；2) 测试账号可正常收发消息；3) 使用与上线一致的知识库、Prompt和模型配置；4) 可查看会话日志或Trace。,为什么你得英语那么塑料,Why is your English so bad?,,,,,,,,,,,
TC-H70-111-N,[人工兜底规则] 我意思是你说的都是废话对我没用【待确认标准问答场景】,步骤1：开启新的WhatsApp会话。步骤2：发送测试问题：「我意思是你说的都是废话对我没用」。步骤3：核对机器人识别的业务场景是否为「人工兜底规则」。步骤4：等待机器人完整回复并核对核心事实。步骤5：记录知识命中、回答完整性和转人工行为。步骤6：该QA当前为「待确认」，执行结果单独统计。,Bot should provide a relevant and safe answer to this question: 我意思是你说的都是废话对我没用. 验收要求：机器人应命中上述现有知识口径，不增加知识库外信息；该QA状态为「待确认」，业务确认前不计入正式回答准确率。,否,无（标准咨询场景）,验证新会话意图分类、知识命中及现有回复口径；待确认数据单独统计,1) 已接入Hot70 WhatsApp机器人；2) 测试账号可正常收发消息；3) 使用与上线一致的知识库、Prompt和模型配置；4) 可查看会话日志或Trace。,我意思是你说的都是废话对我没用,I mean what you said is all nonsense and useless to me.,,,,,,,,,,,
TC-H70-112-N,[私域侧活动] 我去哪里核销优惠券【待确认标准问答场景】,步骤1：开启新的WhatsApp会话。步骤2：发送测试问题：「我去哪里核销优惠券」。步骤3：核对机器人识别的业务场景是否为「私域侧活动」。步骤4：等待机器人完整回复并核对核心事实。步骤5：记录知识命中、回答完整性和转人工行为。步骤6：该QA当前为「待确认」，执行结果单独统计。,Bot should provide a relevant and safe answer to this question: 我去哪里核销优惠券. 验收要求：机器人应命中上述现有知识口径，不增加知识库外信息；该QA状态为「待确认」，业务确认前不计入正式回答准确率。,否,无（标准咨询场景）,验证新会话意图分类、知识命中及现有回复口径；待确认数据单独统计,1) 已接入Hot70 WhatsApp机器人；2) 测试账号可正常收发消息；3) 使用与上线一致的知识库、Prompt和模型配置；4) 可查看会话日志或Trace。,我去哪里核销优惠券,Where do I go to redeem the coupon?,,,,,,,,,,,
TC-H70-113-N,[人工兜底规则] Ur father and ur family mumu【待确认标准问答场景】,步骤1：开启新的WhatsApp会话。步骤2：发送测试问题：「Ur father and ur family mumu」。步骤3：核对机器人识别的业务场景是否为「人工兜底规则」。步骤4：等待机器人完整回复并核对核心事实。步骤5：记录知识命中、回答完整性和转人工行为。步骤6：该QA当前为「待确认」，执行结果单独统计。,机器人应结合上下文识别“Ur father and ur family mumu”场景，停止继续给出确定性业务结论并触发人工转接；转接前话术应与当前问题相关。,是,Ur father and ur family mumu,验证多轮上下文理解、条件式转人工召回及转接话术相关性,1) 已接入Hot70 WhatsApp机器人；2) 测试账号可正常收发消息；3) 使用与上线一致的知识库、Prompt和模型配置；4) 可查看会话日志或Trace。,Ur father and ur family mumu,Ur father and ur family mumu,,,,,,,,,,,
TC-H70-114-N,[人工兜底规则] 我是学生这个月还有考试【待确认标准问答场景】,步骤1：开启新的WhatsApp会话。步骤2：发送测试问题：「我是学生这个月还有考试」。步骤3：核对机器人识别的业务场景是否为「人工兜底规则」。步骤4：等待机器人完整回复并核对核心事实。步骤5：记录知识命中、回答完整性和转人工行为。步骤6：该QA当前为「待确认」，执行结果单独统计。,Bot should provide a relevant and safe answer to this question: 我是学生这个月还有考试. 验收要求：机器人应命中上述现有知识口径，不增加知识库外信息；该QA状态为「待确认」，业务确认前不计入正式回答准确率。,否,无（标准咨询场景）,验证新会话意图分类、知识命中及现有回复口径；待确认数据单独统计,1) 已接入Hot70 WhatsApp机器人；2) 测试账号可正常收发消息；3) 使用与上线一致的知识库、Prompt和模型配置；4) 可查看会话日志或Trace。,我是学生这个月还有考试,I am a student and I still have exams this month.,,,,,,,,,,,
TC-H70-115-N,[官方身份说明] 先生，请问你的名字是什么？我好跟他说明是你这边过来咨询的。【待确认标准问答场景】,步骤1：开启新的WhatsApp会话。步骤2：发送测试问题：「先生，请问你的名字是什么？我好跟他说明是你这边过来咨询的。」。步骤3：核对机器人识别的业务场景是否为「官方身份说明」。步骤4：等待机器人完整回复并核对核心事实。步骤5：记录知识命中、回答完整性和转人工行为。步骤6：该QA当前为「待确认」，执行结果单独统计。,Bot should provide a relevant and safe answer to this question: 先生，请问你的名字是什么？我好跟他说明是你这边过来咨询的。. 验收要求：机器人应命中上述现有知识口径，不增加知识库外信息；该QA状态为「待确认」，业务确认前不计入正式回答准确率。,否,无（标准咨询场景）,验证新会话意图分类、知识命中及现有回复口径；待确认数据单独统计,1) 已接入Hot70 WhatsApp机器人；2) 测试账号可正常收发消息；3) 使用与上线一致的知识库、Prompt和模型配置；4) 可查看会话日志或Trace。,先生，请问你的名字是什么？我好跟他说明是你这边过来咨询的。,"Sir, may I ask your name? So I can explain to him that you came to inquire from your side.",,,,,,,,,,,
TC-H70-116-N,[活动规则] 到时候等我有周转资金再入手。【待确认标准问答场景】,步骤1：开启新的WhatsApp会话。步骤2：发送测试问题：「到时候等我有周转资金再入手。」。步骤3：核对机器人识别的业务场景是否为「活动规则」。步骤4：等待机器人完整回复并核对核心事实。步骤5：记录知识命中、回答完整性和转人工行为。步骤6：该QA当前为「待确认」，执行结果单独统计。,Bot should provide a relevant and safe answer to this question: 到时候等我有周转资金再入手。. 验收要求：机器人应命中上述现有知识口径，不增加知识库外信息；该QA状态为「待确认」，业务确认前不计入正式回答准确率。,否,无（标准咨询场景）,验证新会话意图分类、知识命中及现有回复口径；待确认数据单独统计,1) 已接入Hot70 WhatsApp机器人；2) 测试账号可正常收发消息；3) 使用与上线一致的知识库、Prompt和模型配置；4) 可查看会话日志或Trace。,到时候等我有周转资金再入手。,I will buy it when I have more working capital.,,,,,,,,,,,
